Subject,Age,Block,Group,Handedness,Image,Sex,ACC,Target.RT
1002,75,1,1,2,image/1.bmp,1,1,6295
1002,75,2,1,2,image/2.bmp,1,1,7453
1002,75,3,1,2,image/3.bmp,1,1,1997
1002,75,4,1,2,image/4.bmp,1,1,1901
1002,75,5,1,2,image/5.bmp,1,1,3996
1002,75,6,1,2,image/6.bmp,1,1,2693
1002,75,7,1,2,image/7.bmp,1,1,2376
1002,75,8,1,2,image/8.bmp,1,1,4249
1002,75,9,1,2,image/9.bmp,1,1,2856
1002,75,10,1,2,image/10.bmp,1,1,1685
1002,75,11,1,2,image/11.bmp,1,1,3134
1002,75,12,1,2,image/12.bmp,1,1,4838
1002,75,13,1,2,image/13.bmp,1,1,2941
1002,75,14,1,2,image/14.bmp,1,0,9415
1002,75,15,1,2,image/15.bmp,1,1,7987
1002,75,16,1,2,image/16.bmp,1,1,3408
1002,75,17,1,2,image/17.bmp,1,0,9959
1002,75,18,1,2,image/18.bmp,1,1,17434
1002,75,19,1,2,image/19.bmp,1,1,5854
1002,75,20,1,2,image/20.bmp,1,0,0
1002,75,21,1,2,image/21.bmp,1,1,5216
1002,75,22,1,2,image/22.bmp,1,0,0
1002,75,23,1,2,image/23.bmp,1,1,3958
1002,75,24,1,2,image/24.bmp,1,1,10360
1002,75,25,1,2,image/25.bmp,1,1,2949
1002,75,26,1,2,image/26.bmp,1,1,5521
1002,75,27,1,2,image/27.bmp,1,1,10528
1002,75,28,1,2,image/28.bmp,1,0,0
1002,75,29,1,2,image/29.bmp,1,1,7280
1002,75,30,1,2,image/30.bmp,1,1,2019
1003,74,1,1,2,image/1.bmp,2,1,4286
1003,74,2,1,2,image/2.bmp,2,1,4281
1003,74,3,1,2,image/3.bmp,2,1,1502
1003,74,4,1,2,image/4.bmp,2,1,1688
1003,74,5,1,2,image/5.bmp,2,1,5600
1003,74,6,1,2,image/6.bmp,2,1,1371
1003,74,7,1,2,image/7.bmp,2,1,2012
1003,74,8,1,2,image/8.bmp,2,1,4134
1003,74,9,1,2,image/9.bmp,2,1,17259
1003,74,10,1,2,image/10.bmp,2,1,1404
1003,74,11,1,2,image/11.bmp,2,1,3078
1003,74,12,1,2,image/12.bmp,2,1,8031
1003,74,13,1,2,image/13.bmp,2,1,1754
1003,74,14,1,2,image/14.bmp,2,0,0
1003,74,15,1,2,image/15.bmp,2,1,2665
1003,74,16,1,2,image/16.bmp,2,1,1678
1003,74,17,1,2,image/17.bmp,2,0,0
1003,74,18,1,2,image/18.bmp,2,0,0
1003,74,19,1,2,image/19.bmp,2,1,14707
1003,74,20,1,2,image/20.bmp,2,0,11508
1003,74,21,1,2,image/21.bmp,2,1,4535
1003,74,22,1,2,image/22.bmp,2,1,16629
1003,74,23,1,2,image/23.bmp,2,0,0
1003,74,24,1,2,image/24.bmp,2,1,6608
1003,74,25,1,2,image/25.bmp,2,1,3552
1003,74,26,1,2,image/26.bmp,2,0,13356
1003,74,27,1,2,image/27.bmp,2,1,5812
1003,74,28,1,2,image/28.bmp,2,0,0
1003,74,29,1,2,image/29.bmp,2,1,11770
1003,74,30,1,2,image/30.bmp,2,1,3614
1004,68,1,1,2,image/1.bmp,2,1,6511
1004,68,2,1,2,image/2.bmp,2,1,1919
1004,68,3,1,2,image/3.bmp,2,1,2394
1004,68,4,1,2,image/4.bmp,2,1,1523
1004,68,5,1,2,image/5.bmp,2,1,2733
1004,68,6,1,2,image/6.bmp,2,1,2195
1004,68,7,1,2,image/7.bmp,2,0,4700
1004,68,8,1,2,image/8.bmp,2,1,2260
1004,68,9,1,2,image/9.bmp,2,1,2916
1004,68,10,1,2,image/10.bmp,2,1,1372
1004,68,11,1,2,image/11.bmp,2,1,2389
1004,68,12,1,2,image/12.bmp,2,0,0
1004,68,13,1,2,image/13.bmp,2,0,4057
1004,68,14,1,2,image/14.bmp,2,0,5061
1004,68,15,1,2,image/15.bmp,2,0,13984
1004,68,16,1,2,image/16.bmp,2,1,2746
1004,68,17,1,2,image/17.bmp,2,0,12315
1004,68,18,1,2,image/18.bmp,2,0,0
1004,68,19,1,2,image/19.bmp,2,1,14791
1004,68,20,1,2,image/20.bmp,2,0,13959
1004,68,21,1,2,image/21.bmp,2,0,0
1004,68,22,1,2,image/22.bmp,2,0,0
1004,68,23,1,2,image/23.bmp,2,1,4526
1004,68,24,1,2,image/24.bmp,2,1,5380
1004,68,25,1,2,image/25.bmp,2,1,3650
1004,68,26,1,2,image/26.bmp,2,0,15391
1004,68,27,1,2,image/27.bmp,2,0,6445
1004,68,28,1,2,image/28.bmp,2,1,5289
1004,68,29,1,2,image/29.bmp,2,1,6154
1004,68,30,1,2,image/30.bmp,2,1,3786
1006,71,1,1,2,image/1.bmp,2,1,4490
1006,71,2,1,2,image/2.bmp,2,1,2628
1006,71,3,1,2,image/3.bmp,2,1,2788
1006,71,4,1,2,image/4.bmp,2,1,2234
1006,71,5,1,2,image/5.bmp,2,1,2233
1006,71,6,1,2,image/6.bmp,2,1,3832
1006,71,7,1,2,image/7.bmp,2,1,2256
1006,71,8,1,2,image/8.bmp,2,1,2627
1006,71,9,1,2,image/9.bmp,2,1,6551
1006,71,10,1,2,image/10.bmp,2,1,1504
1006,71,11,1,2,image/11.bmp,2,1,3971
1006,71,12,1,2,image/12.bmp,2,0,9835
1006,71,13,1,2,image/13.bmp,2,1,3353
1006,71,14,1,2,image/14.bmp,2,1,3063
1006,71,15,1,2,image/15.bmp,2,1,2644
1006,71,16,1,2,image/16.bmp,2,1,2102
1006,71,17,1,2,image/17.bmp,2,0,6271
1006,71,18,1,2,image/18.bmp,2,1,5453
1006,71,19,1,2,image/19.bmp,2,1,4630
1006,71,20,1,2,image/20.bmp,2,0,0
1006,71,21,1,2,image/21.bmp,2,1,3844
1006,71,22,1,2,image/22.bmp,2,0,0
1006,71,23,1,2,image/23.bmp,2,1,3278
1006,71,24,1,2,image/24.bmp,2,1,3350
1006,71,25,1,2,image/25.bmp,2,1,5569
1006,71,26,1,2,image/26.bmp,2,0,6252
1006,71,27,1,2,image/27.bmp,2,1,10496
1006,71,28,1,2,image/28.bmp,2,0,0
1006,71,29,1,2,image/29.bmp,2,0,8291
1006,71,30,1,2,image/30.bmp,2,1,2804
1007,80,1,1,2,image/1.bmp,2,1,3422
1007,80,2,1,2,image/2.bmp,2,1,4480
1007,80,3,1,2,image/3.bmp,2,1,1365
1007,80,4,1,2,image/4.bmp,2,1,1802
1007,80,5,1,2,image/5.bmp,2,1,3074
1007,80,6,1,2,image/6.bmp,2,1,7296
1007,80,7,1,2,image/7.bmp,2,1,2651
1007,80,8,1,2,image/8.bmp,2,1,3829
1007,80,9,1,2,image/9.bmp,2,1,7747
1007,80,10,1,2,image/10.bmp,2,1,4635
1007,80,11,1,2,image/11.bmp,2,1,5907
1007,80,12,1,2,image/12.bmp,2,0,0
1007,80,13,1,2,image/13.bmp,2,0,0
1007,80,14,1,2,image/14.bmp,2,1,8551
1007,80,15,1,2,image/15.bmp,2,1,8157
1007,80,16,1,2,image/16.bmp,2,1,5290
1007,80,17,1,2,image/17.bmp,2,0,0
1007,80,18,1,2,image/18.bmp,2,0,0
1007,80,19,1,2,image/19.bmp,2,1,4021
1007,80,20,1,2,image/20.bmp,2,0,0
1007,80,21,1,2,image/21.bmp,2,1,2981
1007,80,22,1,2,image/22.bmp,2,1,5388
1007,80,23,1,2,image/23.bmp,2,1,1834
1007,80,24,1,2,image/24.bmp,2,1,1979
1007,80,25,1,2,image/25.bmp,2,1,2434
1007,80,26,1,2,image/26.bmp,2,0,0
1007,80,27,1,2,image/27.bmp,2,1,8223
1007,80,28,1,2,image/28.bmp,2,0,0
1007,80,29,1,2,image/29.bmp,2,1,3669
1007,80,30,1,2,image/30.bmp,2,1,1551
1008,57,1,1,2,image/1.bmp,1,1,1919
1008,57,2,1,2,image/2.bmp,1,1,3552
1008,57,3,1,2,image/3.bmp,1,1,1278
1008,57,4,1,2,image/4.bmp,1,1,1468
1008,57,5,1,2,image/5.bmp,1,1,1330
1008,57,6,1,2,image/6.bmp,1,1,2491
1008,57,7,1,2,image/7.bmp,1,1,1481
1008,57,8,1,2,image/8.bmp,1,1,1776
1008,57,9,1,2,image/9.bmp,1,1,1858
1008,57,10,1,2,image/10.bmp,1,1,1469
1008,57,11,1,2,image/11.bmp,1,1,1927
1008,57,12,1,2,image/12.bmp,1,1,4676
1008,57,13,1,2,image/13.bmp,1,1,2970
1008,57,14,1,2,image/14.bmp,1,1,16607
1008,57,15,1,2,image/15.bmp,1,1,12331
1008,57,16,1,2,image/16.bmp,1,1,2833
1008,57,17,1,2,image/17.bmp,1,0,0
1008,57,18,1,2,image/18.bmp,1,1,4656
1008,57,19,1,2,image/19.bmp,1,1,2391
1008,57,20,1,2,image/20.bmp,1,0,0
1008,57,21,1,2,image/21.bmp,1,1,5243
1008,57,22,1,2,image/22.bmp,1,0,0
1008,57,23,1,2,image/23.bmp,1,0,0
1008,57,24,1,2,image/24.bmp,1,1,12489
1008,57,25,1,2,image/25.bmp,1,1,3016
1008,57,26,1,2,image/26.bmp,1,0,0
1008,57,27,1,2,image/27.bmp,1,1,5539
1008,57,28,1,2,image/28.bmp,1,0,0
1008,57,29,1,2,image/29.bmp,1,1,8660
1008,57,30,1,2,image/30.bmp,1,1,2016
1009,57,1,1,2,image/1.bmp,2,1,1723
1009,57,2,1,2,image/2.bmp,2,1,1079
1009,57,3,1,2,image/3.bmp,2,1,1514
1009,57,4,1,2,image/4.bmp,2,1,1633
1009,57,5,1,2,image/5.bmp,2,1,1598
1009,57,6,1,2,image/6.bmp,2,1,1132
1009,57,7,1,2,image/7.bmp,2,1,1173
1009,57,8,1,2,image/8.bmp,2,1,1422
1009,57,9,1,2,image/9.bmp,2,0,0
1009,57,10,1,2,image/10.bmp,2,1,1922
1009,57,11,1,2,image/11.bmp,2,1,2310
1009,57,12,1,2,image/12.bmp,2,1,1633
1009,57,13,1,2,image/13.bmp,2,1,1900
1009,57,14,1,2,image/14.bmp,2,1,7169
1009,57,15,1,2,image/15.bmp,2,1,2329
1009,57,16,1,2,image/16.bmp,2,1,1401
1009,57,17,1,2,image/17.bmp,2,0,0
1009,57,18,1,2,image/18.bmp,2,1,15726
1009,57,19,1,2,image/19.bmp,2,1,3487
1009,57,20,1,2,image/20.bmp,2,0,18265
1009,57,21,1,2,image/21.bmp,2,1,2110
1009,57,22,1,2,image/22.bmp,2,1,5007
1009,57,23,1,2,image/23.bmp,2,1,4580
1009,57,24,1,2,image/24.bmp,2,1,1853
1009,57,25,1,2,image/25.bmp,2,1,2787
1009,57,26,1,2,image/26.bmp,2,1,2251
1009,57,27,1,2,image/27.bmp,2,1,3234
1009,57,28,1,2,image/28.bmp,2,1,11819
1009,57,29,1,2,image/29.bmp,2,1,6575
1009,57,30,1,2,image/30.bmp,2,1,1564
1010,80,1,1,2,image/1.bmp,2,1,1372
1010,80,2,1,2,image/2.bmp,2,1,1514
1010,80,3,1,2,image/3.bmp,2,1,1525
1010,80,4,1,2,image/4.bmp,2,1,1964
1010,80,5,1,2,image/5.bmp,2,1,8749
1010,80,6,1,2,image/6.bmp,2,1,2571
1010,80,7,1,2,image/7.bmp,2,1,2487
1010,80,8,1,2,image/8.bmp,2,1,18324
1010,80,9,1,2,image/9.bmp,2,1,2351
1010,80,10,1,2,image/10.bmp,2,1,3426
1010,80,11,1,2,image/11.bmp,2,1,11835
1010,80,12,1,2,image/12.bmp,2,1,7038
1010,80,13,1,2,image/13.bmp,2,0,0
1010,80,14,1,2,image/14.bmp,2,0,0
1010,80,15,1,2,image/15.bmp,2,0,0
1010,80,16,1,2,image/16.bmp,2,1,17725
1010,80,17,1,2,image/17.bmp,2,0,0
1010,80,18,1,2,image/18.bmp,2,0,0
1010,80,19,1,2,image/19.bmp,2,1,2754
1010,80,20,1,2,image/20.bmp,2,0,0
1010,80,21,1,2,image/21.bmp,2,1,7876
1010,80,22,1,2,image/22.bmp,2,0,0
1010,80,23,1,2,image/23.bmp,2,0,0
1010,80,24,1,2,image/24.bmp,2,1,4857
1010,80,25,1,2,image/25.bmp,2,1,11450
1010,80,26,1,2,image/26.bmp,2,0,8476
1010,80,27,1,2,image/27.bmp,2,1,4128
1010,80,28,1,2,image/28.bmp,2,0,0
1010,80,29,1,2,image/29.bmp,2,0,0
1010,80,30,1,2,image/30.bmp,2,1,3721
1011,67,1,1,2,image/1.bmp,2,1,2580
1011,67,2,1,2,image/2.bmp,2,1,1804
1011,67,3,1,2,image/3.bmp,2,1,1739
1011,67,4,1,2,image/4.bmp,2,1,2104
1011,67,5,1,2,image/5.bmp,2,1,2191
1011,67,6,1,2,image/6.bmp,2,1,1644
1011,67,7,1,2,image/7.bmp,2,1,2113
1011,67,8,1,2,image/8.bmp,2,1,3009
1011,67,9,1,2,image/9.bmp,2,1,2276
1011,67,10,1,2,image/10.bmp,2,1,2045
1011,67,11,1,2,image/11.bmp,2,1,2061
1011,67,12,1,2,image/12.bmp,2,1,12966
1011,67,13,1,2,image/13.bmp,2,0,0
1011,67,14,1,2,image/14.bmp,2,0,0
1011,67,15,1,2,image/15.bmp,2,0,0
1011,67,16,1,2,image/16.bmp,2,0,18421
1011,67,17,1,2,image/17.bmp,2,0,13355
1011,67,18,1,2,image/18.bmp,2,0,0
1011,67,19,1,2,image/19.bmp,2,0,0
1011,67,20,1,2,image/20.bmp,2,0,12345
1011,67,21,1,2,image/21.bmp,2,0,11358
1011,67,22,1,2,image/22.bmp,2,0,4945
1011,67,23,1,2,image/23.bmp,2,0,16117
1011,67,24,1,2,image/24.bmp,2,1,6890
1011,67,25,1,2,image/25.bmp,2,0,0
1011,67,26,1,2,image/26.bmp,2,0,0
1011,67,27,1,2,image/27.bmp,2,1,5703
1011,67,28,1,2,image/28.bmp,2,0,9377
1011,67,29,1,2,image/29.bmp,2,0,12454
1011,67,30,1,2,image/30.bmp,2,1,3211
1012,73,1,1,2,image/1.bmp,1,1,2320
1012,73,2,1,2,image/2.bmp,1,1,2386
1012,73,3,1,2,image/3.bmp,1,1,1476
1012,73,4,1,2,image/4.bmp,1,1,2423
1012,73,5,1,2,image/5.bmp,1,1,2057
1012,73,6,1,2,image/6.bmp,1,1,1367
1012,73,7,1,2,image/7.bmp,1,1,13986
1012,73,8,1,2,image/8.bmp,1,1,2204
1012,73,9,1,2,image/9.bmp,1,1,3796
1012,73,10,1,2,image/10.bmp,1,1,1184
1012,73,11,1,2,image/11.bmp,1,1,13923
1012,73,12,1,2,image/12.bmp,1,0,0
1012,73,13,1,2,image/13.bmp,1,0,0
1012,73,14,1,2,image/14.bmp,1,0,0
1012,73,15,1,2,image/15.bmp,1,1,19471
1012,73,16,1,2,image/16.bmp,1,1,3047
1012,73,17,1,2,image/17.bmp,1,0,0
1012,73,18,1,2,image/18.bmp,1,0,0
1012,73,19,1,2,image/19.bmp,1,1,3028
1012,73,20,1,2,image/20.bmp,1,0,0
1012,73,21,1,2,image/21.bmp,1,1,8693
1012,73,22,1,2,image/22.bmp,1,0,0
1012,73,23,1,2,image/23.bmp,1,0,0
1012,73,24,1,2,image/24.bmp,1,0,17655
1012,73,25,1,2,image/25.bmp,1,1,3674
1012,73,26,1,2,image/26.bmp,1,0,0
1012,73,27,1,2,image/27.bmp,1,1,5865
1012,73,28,1,2,image/28.bmp,1,1,12357
1012,73,29,1,2,image/29.bmp,1,1,5455
1012,73,30,1,2,image/30.bmp,1,1,1650
2002,69,1,1,2,image/1.bmp,2,0,0
2002,69,2,1,2,image/2.bmp,2,1,7528
2002,69,3,1,2,image/3.bmp,2,0,9103
2002,69,4,1,2,image/4.bmp,2,1,4452
2002,69,5,1,2,image/5.bmp,2,1,2999
2002,69,6,1,2,image/6.bmp,2,1,10228
2002,69,7,1,2,image/7.bmp,2,1,5316
2002,69,8,1,2,image/8.bmp,2,1,2548
2002,69,9,1,2,image/9.bmp,2,1,1797
2002,69,10,1,2,image/10.bmp,2,1,1536
2002,69,11,1,2,image/11.bmp,2,1,3362
2002,69,12,1,2,image/12.bmp,2,0,0
2002,69,13,1,2,image/13.bmp,2,0,19161
2002,69,14,1,2,image/14.bmp,2,0,0
2002,69,15,1,2,image/15.bmp,2,0,15523
2002,69,16,1,2,image/16.bmp,2,1,4664
2002,69,17,1,2,image/17.bmp,2,0,7099
2002,69,18,1,2,image/18.bmp,2,0,10321
2002,69,19,1,2,image/19.bmp,2,1,5205
2002,69,20,1,2,image/20.bmp,2,0,11257
2002,69,21,1,2,image/21.bmp,2,1,10534
2002,69,22,1,2,image/22.bmp,2,0,6935
2002,69,23,1,2,image/23.bmp,2,1,17224
2002,69,24,1,2,image/24.bmp,2,1,8297
2002,69,25,1,2,image/25.bmp,2,0,0
2002,69,26,1,2,image/26.bmp,2,0,6925
2002,69,27,1,2,image/27.bmp,2,0,8153
2002,69,28,1,2,image/28.bmp,2,0,8135
2002,69,29,1,2,image/29.bmp,2,0,15282
2002,69,30,1,2,image/30.bmp,2,1,1931
2003,78,1,1,2,image/1.bmp,2,1,10844
2003,78,2,1,2,image/2.bmp,2,1,2523
2003,78,3,1,2,image/3.bmp,2,1,1550
2003,78,4,1,2,image/4.bmp,2,1,1714
2003,78,5,1,2,image/5.bmp,2,1,3097
2003,78,6,1,2,image/6.bmp,2,1,1682
2003,78,7,1,2,image/7.bmp,2,1,1247
2003,78,8,1,2,image/8.bmp,2,1,2288
2003,78,9,1,2,image/9.bmp,2,1,4135
2003,78,10,1,2,image/10.bmp,2,1,1730
2003,78,11,1,2,image/11.bmp,2,1,5246
2003,78,12,1,2,image/12.bmp,2,1,1495
2003,78,13,1,2,image/13.bmp,2,1,2377
2003,78,14,1,2,image/14.bmp,2,1,16241
2003,78,15,1,2,image/15.bmp,2,0,19528
2003,78,16,1,2,image/16.bmp,2,1,2375
2003,78,17,1,2,image/17.bmp,2,0,18396
2003,78,18,1,2,image/18.bmp,2,1,5014
2003,78,19,1,2,image/19.bmp,2,1,4435
2003,78,20,1,2,image/20.bmp,2,1,10970
2003,78,21,1,2,image/21.bmp,2,1,3964
2003,78,22,1,2,image/22.bmp,2,1,5076
2003,78,23,1,2,image/23.bmp,2,1,1974
2003,78,24,1,2,image/24.bmp,2,1,1799
2003,78,25,1,2,image/25.bmp,2,1,14947
2003,78,26,1,2,image/26.bmp,2,1,14436
2003,78,27,1,2,image/27.bmp,2,0,8562
2003,78,28,1,2,image/28.bmp,2,1,4511
2003,78,29,1,2,image/29.bmp,2,0,11450
2003,78,30,1,2,image/30.bmp,2,1,1599
2004,75,1,1,2,image/1.bmp,2,0,10296
2004,75,2,1,2,image/2.bmp,2,1,2441
2004,75,3,1,2,image/3.bmp,2,1,2125
2004,75,4,1,2,image/4.bmp,2,1,4254
2004,75,5,1,2,image/5.bmp,2,1,1849
2004,75,6,1,2,image/6.bmp,2,1,1584
2004,75,7,1,2,image/7.bmp,2,1,2486
2004,75,8,1,2,image/8.bmp,2,1,1985
2004,75,9,1,2,image/9.bmp,2,1,1633
2004,75,10,1,2,image/10.bmp,2,1,1449
2004,75,11,1,2,image/11.bmp,2,1,4181
2004,75,12,1,2,image/12.bmp,2,1,1829
2004,75,13,1,2,image/13.bmp,2,0,7523
2004,75,14,1,2,image/14.bmp,2,0,15383
2004,75,15,1,2,image/15.bmp,2,0,10863
2004,75,16,1,2,image/16.bmp,2,1,5366
2004,75,17,1,2,image/17.bmp,2,0,5328
2004,75,18,1,2,image/18.bmp,2,0,16794
2004,75,19,1,2,image/19.bmp,2,1,6252
2004,75,20,1,2,image/20.bmp,2,0,5677
2004,75,21,1,2,image/21.bmp,2,1,8971
2004,75,22,1,2,image/22.bmp,2,0,6885
2004,75,23,1,2,image/23.bmp,2,1,5293
2004,75,24,1,2,image/24.bmp,2,1,2271
2004,75,25,1,2,image/25.bmp,2,1,6677
2004,75,26,1,2,image/26.bmp,2,0,5008
2004,75,27,1,2,image/27.bmp,2,0,4983
2004,75,28,1,2,image/28.bmp,2,0,5990
2004,75,29,1,2,image/29.bmp,2,0,7399
2004,75,30,1,2,image/30.bmp,2,1,1309
2005,62,1,1,2,image/1.bmp,2,1,5618
2005,62,2,1,2,image/2.bmp,2,1,1906
2005,62,3,1,2,image/3.bmp,2,1,1118
2005,62,4,1,2,image/4.bmp,2,1,2768
2005,62,5,1,2,image/5.bmp,2,1,3093
2005,62,6,1,2,image/6.bmp,2,1,1462
2005,62,7,1,2,image/7.bmp,2,1,1416
2005,62,8,1,2,image/8.bmp,2,1,1425
2005,62,9,1,2,image/9.bmp,2,1,1500
2005,62,10,1,2,image/10.bmp,2,1,1312
2005,62,11,1,2,image/11.bmp,2,1,2655
2005,62,12,1,2,image/12.bmp,2,1,1820
2005,62,13,1,2,image/13.bmp,2,1,9161
2005,62,14,1,2,image/14.bmp,2,0,10755
2005,62,15,1,2,image/15.bmp,2,1,7243
2005,62,16,1,2,image/16.bmp,2,1,7525
2005,62,17,1,2,image/17.bmp,2,1,10816
2005,62,18,1,2,image/18.bmp,2,1,9680
2005,62,19,1,2,image/19.bmp,2,1,3293
2005,62,20,1,2,image/20.bmp,2,1,7577
2005,62,21,1,2,image/21.bmp,2,1,3460
2005,62,22,1,2,image/22.bmp,2,0,6893
2005,62,23,1,2,image/23.bmp,2,1,6051
2005,62,24,1,2,image/24.bmp,2,1,2943
2005,62,25,1,2,image/25.bmp,2,1,1714
2005,62,26,1,2,image/26.bmp,2,0,4952
2005,62,27,1,2,image/27.bmp,2,1,11681
2005,62,28,1,2,image/28.bmp,2,0,13535
2005,62,29,1,2,image/29.bmp,2,1,5796
2005,62,30,1,2,image/30.bmp,2,1,1304
2006,77,1,1,2,image/1.bmp,1,1,1241
2006,77,2,1,2,image/2.bmp,1,1,1713
2006,77,3,1,2,image/3.bmp,1,1,1074
2006,77,4,1,2,image/4.bmp,1,1,1401
2006,77,5,1,2,image/5.bmp,1,1,1733
2006,77,6,1,2,image/6.bmp,1,1,2150
2006,77,7,1,2,image/7.bmp,1,1,1563
2006,77,8,1,2,image/8.bmp,1,1,2094
2006,77,9,1,2,image/9.bmp,1,1,1750
2006,77,10,1,2,image/10.bmp,1,1,1429
2006,77,11,1,2,image/11.bmp,1,1,3109
2006,77,12,1,2,image/12.bmp,1,1,4079
2006,77,13,1,2,image/13.bmp,1,1,3023
2006,77,14,1,2,image/14.bmp,1,1,6713
2006,77,15,1,2,image/15.bmp,1,1,7051
2006,77,16,1,2,image/16.bmp,1,1,1595
2006,77,17,1,2,image/17.bmp,1,0,0
2006,77,18,1,2,image/18.bmp,1,1,12044
2006,77,19,1,2,image/19.bmp,1,1,7363
2006,77,20,1,2,image/20.bmp,1,0,0
2006,77,21,1,2,image/21.bmp,1,1,2449
2006,77,22,1,2,image/22.bmp,1,0,0
2006,77,23,1,2,image/23.bmp,1,0,0
2006,77,24,1,2,image/24.bmp,1,1,2890
2006,77,25,1,2,image/25.bmp,1,1,3264
2006,77,26,1,2,image/26.bmp,1,0,0
2006,77,27,1,2,image/27.bmp,1,1,3127
2006,77,28,1,2,image/28.bmp,1,0,0
2006,77,29,1,2,image/29.bmp,1,0,0
2006,77,30,1,2,image/30.bmp,1,1,2396
2007,74,1,1,2,image/1.bmp,2,1,5149
2007,74,2,1,2,image/2.bmp,2,1,3339
2007,74,3,1,2,image/3.bmp,2,1,1978
2007,74,4,1,2,image/4.bmp,2,1,3958
2007,74,5,1,2,image/5.bmp,2,1,4420
2007,74,6,1,2,image/6.bmp,2,1,4806
2007,74,7,1,2,image/7.bmp,2,0,8744
2007,74,8,1,2,image/8.bmp,2,1,2626
2007,74,9,1,2,image/9.bmp,2,1,4844
2007,74,10,1,2,image/10.bmp,2,1,2363
2007,74,11,1,2,image/11.bmp,2,0,9204
2007,74,12,1,2,image/12.bmp,2,0,14702
2007,74,13,1,2,image/13.bmp,2,1,7492
2007,74,14,1,2,image/14.bmp,2,0,18947
2007,74,15,1,2,image/15.bmp,2,0,14849
2007,74,16,1,2,image/16.bmp,2,0,0
2007,74,17,1,2,image/17.bmp,2,0,13526
2007,74,18,1,2,image/18.bmp,2,0,19854
2007,74,19,1,2,image/19.bmp,2,1,8020
2007,74,20,1,2,image/20.bmp,2,0,13093
2007,74,21,1,2,image/21.bmp,2,1,13390
2007,74,22,1,2,image/22.bmp,2,0,11388
2007,74,23,1,2,image/23.bmp,2,0,17220
2007,74,24,1,2,image/24.bmp,2,0,14002
2007,74,25,1,2,image/25.bmp,2,0,0
2007,74,26,1,2,image/26.bmp,2,0,10316
2007,74,27,1,2,image/27.bmp,2,1,9066
2007,74,28,1,2,image/28.bmp,2,0,16348
2007,74,29,1,2,image/29.bmp,2,0,19417
2007,74,30,1,2,image/30.bmp,2,1,6700
3002,0,1,1,2,image/1.bmp,2,1,6966
3002,0,2,1,2,image/2.bmp,2,1,5920
3002,0,3,1,2,image/3.bmp,2,1,3037
3002,0,4,1,2,image/4.bmp,2,1,6223
3002,0,5,1,2,image/5.bmp,2,1,16774
3002,0,6,1,2,image/6.bmp,2,1,5012
3002,0,7,1,2,image/7.bmp,2,1,3250
3002,0,8,1,2,image/8.bmp,2,1,4175
3002,0,9,1,2,image/9.bmp,2,1,4434
3002,0,10,1,2,image/10.bmp,2,1,3358
3002,0,11,1,2,image/11.bmp,2,1,5255
3002,0,12,1,2,image/12.bmp,2,0,0
3002,0,13,1,2,image/13.bmp,2,1,5568
3002,0,14,1,2,image/14.bmp,2,1,17283
3002,0,15,1,2,image/15.bmp,2,0,8692
3002,0,16,1,2,image/16.bmp,2,1,5665
3002,0,17,1,2,image/17.bmp,2,0,8227
3002,0,18,1,2,image/18.bmp,2,0,7187
3002,0,19,1,2,image/19.bmp,2,1,11731
3002,0,20,1,2,image/20.bmp,2,0,9103
3002,0,21,1,2,image/21.bmp,2,1,10089
3002,0,22,1,2,image/22.bmp,2,0,8047
3002,0,23,1,2,image/23.bmp,2,1,6028
3002,0,24,1,2,image/24.bmp,2,1,12551
3002,0,25,1,2,image/25.bmp,2,1,8753
3002,0,26,1,2,image/26.bmp,2,0,9198
3002,0,27,1,2,image/27.bmp,2,1,10644
3002,0,28,1,2,image/28.bmp,2,0,14738
3002,0,29,1,2,image/29.bmp,2,1,10680
3002,0,30,1,2,image/30.bmp,2,1,14214
3003,82,1,1,2,image/1.bmp,1,1,1971
3003,82,2,1,2,image/2.bmp,1,1,1348
3003,82,3,1,2,image/3.bmp,1,1,1106
3003,82,4,1,2,image/4.bmp,1,1,1329
3003,82,5,1,2,image/5.bmp,1,1,1447
3003,82,6,1,2,image/6.bmp,1,1,1362
3003,82,7,1,2,image/7.bmp,1,1,1254
3003,82,8,1,2,image/8.bmp,1,1,1587
3003,82,9,1,2,image/9.bmp,1,1,2880
3003,82,10,1,2,image/10.bmp,1,1,1459
3003,82,11,1,2,image/11.bmp,1,1,2997
3003,82,12,1,2,image/12.bmp,1,1,7111
3003,82,13,1,2,image/13.bmp,1,1,7732
3003,82,14,1,2,image/14.bmp,1,1,5022
3003,82,15,1,2,image/15.bmp,1,1,2375
3003,82,16,1,2,image/16.bmp,1,1,1727
3003,82,17,1,2,image/17.bmp,1,1,4658
3003,82,18,1,2,image/18.bmp,1,0,7862
3003,82,19,1,2,image/19.bmp,1,1,3616
3003,82,20,1,2,image/20.bmp,1,0,5417
3003,82,21,1,2,image/21.bmp,1,1,1860
3003,82,22,1,2,image/22.bmp,1,0,9115
3003,82,23,1,2,image/23.bmp,1,1,1967
3003,82,24,1,2,image/24.bmp,1,1,2026
3003,82,25,1,2,image/25.bmp,1,1,10490
3003,82,26,1,2,image/26.bmp,1,1,3588
3003,82,27,1,2,image/27.bmp,1,1,2791
3003,82,28,1,2,image/28.bmp,1,0,12904
3003,82,29,1,2,image/29.bmp,1,0,13207
3003,82,30,1,2,image/30.bmp,1,1,1390
3004,76,1,1,2,image/1.bmp,2,1,1887
3004,76,2,1,2,image/2.bmp,2,1,1492
3004,76,3,1,2,image/3.bmp,2,1,1263
3004,76,4,1,2,image/4.bmp,2,1,1528
3004,76,5,1,2,image/5.bmp,2,1,1434
3004,76,6,1,2,image/6.bmp,2,1,1055
3004,76,7,1,2,image/7.bmp,2,1,1340
3004,76,8,1,2,image/8.bmp,2,1,2132
3004,76,9,1,2,image/9.bmp,2,1,4312
3004,76,10,1,2,image/10.bmp,2,1,1157
3004,76,11,1,2,image/11.bmp,2,1,2390
3004,76,12,1,2,image/12.bmp,2,1,3475
3004,76,13,1,2,image/13.bmp,2,0,2668
3004,76,14,1,2,image/14.bmp,2,0,2728
3004,76,15,1,2,image/15.bmp,2,1,7011
3004,76,16,1,2,image/16.bmp,2,1,1962
3004,76,17,1,2,image/17.bmp,2,0,3761
3004,76,18,1,2,image/18.bmp,2,1,12312
3004,76,19,1,2,image/19.bmp,2,1,3201
3004,76,20,1,2,image/20.bmp,2,1,4502
3004,76,21,1,2,image/21.bmp,2,1,4273
3004,76,22,1,2,image/22.bmp,2,1,4938
3004,76,23,1,2,image/23.bmp,2,1,4688
3004,76,24,1,2,image/24.bmp,2,1,2112
3004,76,25,1,2,image/25.bmp,2,1,4868
3004,76,26,1,2,image/26.bmp,2,0,4032
3004,76,27,1,2,image/27.bmp,2,1,3789
3004,76,28,1,2,image/28.bmp,2,1,2930
3004,76,29,1,2,image/29.bmp,2,1,4251
3004,76,30,1,2,image/30.bmp,2,1,1649
3005,76,1,1,2,image/1.bmp,2,1,2465
3005,76,2,1,2,image/2.bmp,2,1,1932
3005,76,3,1,2,image/3.bmp,2,1,1489
3005,76,4,1,2,image/4.bmp,2,1,2661
3005,76,5,1,2,image/5.bmp,2,1,2421
3005,76,6,1,2,image/6.bmp,2,1,2385
3005,76,7,1,2,image/7.bmp,2,1,2414
3005,76,8,1,2,image/8.bmp,2,1,3101
3005,76,9,1,2,image/9.bmp,2,1,1995
3005,76,10,1,2,image/10.bmp,2,1,1660
3005,76,11,1,2,image/11.bmp,2,1,6130
3005,76,12,1,2,image/12.bmp,2,1,5546
3005,76,13,1,2,image/13.bmp,2,0,11908
3005,76,14,1,2,image/14.bmp,2,0,10063
3005,76,15,1,2,image/15.bmp,2,1,6409
3005,76,16,1,2,image/16.bmp,2,1,3963
3005,76,17,1,2,image/17.bmp,2,0,6528
3005,76,18,1,2,image/18.bmp,2,0,13895
3005,76,19,1,2,image/19.bmp,2,1,5424
3005,76,20,1,2,image/20.bmp,2,0,6938
3005,76,21,1,2,image/21.bmp,2,1,7290
3005,76,22,1,2,image/22.bmp,2,0,6721
3005,76,23,1,2,image/23.bmp,2,1,12941
3005,76,24,1,2,image/24.bmp,2,1,8575
3005,76,25,1,2,image/25.bmp,2,0,0
3005,76,26,1,2,image/26.bmp,2,0,0
3005,76,27,1,2,image/27.bmp,2,1,12434
3005,76,28,1,2,image/28.bmp,2,0,17619
3005,76,29,1,2,image/29.bmp,2,0,13575
3005,76,30,1,2,image/30.bmp,2,1,1696
3008,68,1,1,2,image/1.bmp,2,1,1206
3008,68,2,1,2,image/2.bmp,2,1,1147
3008,68,3,1,2,image/3.bmp,2,1,2761
3008,68,4,1,2,image/4.bmp,2,1,1259
3008,68,5,1,2,image/5.bmp,2,1,1781
3008,68,6,1,2,image/6.bmp,2,1,2362
3008,68,7,1,2,image/7.bmp,2,1,2476
3008,68,8,1,2,image/8.bmp,2,1,1827
3008,68,9,1,2,image/9.bmp,2,1,2331
3008,68,10,1,2,image/10.bmp,2,1,2006
3008,68,11,1,2,image/11.bmp,2,1,3323
3008,68,12,1,2,image/12.bmp,2,0,0
3008,68,13,1,2,image/13.bmp,2,1,5050
3008,68,14,1,2,image/14.bmp,2,0,8694
3008,68,15,1,2,image/15.bmp,2,0,4256
3008,68,16,1,2,image/16.bmp,2,0,3447
3008,68,17,1,2,image/17.bmp,2,0,17853
3008,68,18,1,2,image/18.bmp,2,0,0
3008,68,19,1,2,image/19.bmp,2,1,3977
3008,68,20,1,2,image/20.bmp,2,0,7800
3008,68,21,1,2,image/21.bmp,2,0,11216
3008,68,22,1,2,image/22.bmp,2,0,8450
3008,68,23,1,2,image/23.bmp,2,0,6921
3008,68,24,1,2,image/24.bmp,2,1,8496
3008,68,25,1,2,image/25.bmp,2,1,3353
3008,68,26,1,2,image/26.bmp,2,0,14183
3008,68,27,1,2,image/27.bmp,2,0,7521
3008,68,28,1,2,image/28.bmp,2,0,0
3008,68,29,1,2,image/29.bmp,2,0,0
3008,68,30,1,2,image/30.bmp,2,1,2420
3009,76,1,1,2,image/1.bmp,2,1,1488
3009,76,2,1,2,image/2.bmp,2,1,4034
3009,76,3,1,2,image/3.bmp,2,1,1339
3009,76,4,1,2,image/4.bmp,2,1,1535
3009,76,5,1,2,image/5.bmp,2,1,2230
3009,76,6,1,2,image/6.bmp,2,0,4396
3009,76,7,1,2,image/7.bmp,2,1,1539
3009,76,8,1,2,image/8.bmp,2,1,2274
3009,76,9,1,2,image/9.bmp,2,1,2183
3009,76,10,1,2,image/10.bmp,2,1,1355
3009,76,11,1,2,image/11.bmp,2,1,2636
3009,76,12,1,2,image/12.bmp,2,1,2480
3009,76,13,1,2,image/13.bmp,2,0,9319
3009,76,14,1,2,image/14.bmp,2,1,6924
3009,76,15,1,2,image/15.bmp,2,0,9856
3009,76,16,1,2,image/16.bmp,2,1,5025
3009,76,17,1,2,image/17.bmp,2,0,0
3009,76,18,1,2,image/18.bmp,2,0,0
3009,76,19,1,2,image/19.bmp,2,1,2995
3009,76,20,1,2,image/20.bmp,2,0,8791
3009,76,21,1,2,image/21.bmp,2,1,5294
3009,76,22,1,2,image/22.bmp,2,0,0
3009,76,23,1,2,image/23.bmp,2,1,2291
3009,76,24,1,2,image/24.bmp,2,1,3001
3009,76,25,1,2,image/25.bmp,2,1,3045
3009,76,26,1,2,image/26.bmp,2,0,6360
3009,76,27,1,2,image/27.bmp,2,1,4063
3009,76,28,1,2,image/28.bmp,2,1,9228
3009,76,29,1,2,image/29.bmp,2,0,3047
3009,76,30,1,2,image/30.bmp,2,1,1932
3010,80,1,1,2,image/1.bmp,1,1,1985
3010,80,2,1,2,image/2.bmp,1,1,1865
3010,80,3,1,2,image/3.bmp,1,1,1186
3010,80,4,1,2,image/4.bmp,1,1,1425
3010,80,5,1,2,image/5.bmp,1,1,1446
3010,80,6,1,2,image/6.bmp,1,1,1543
3010,80,7,1,2,image/7.bmp,1,1,1336
3010,80,8,1,2,image/8.bmp,1,1,3335
3010,80,9,1,2,image/9.bmp,1,1,3992
3010,80,10,1,2,image/10.bmp,1,1,1179
3010,80,11,1,2,image/11.bmp,1,1,2764
3010,80,12,1,2,image/12.bmp,1,1,1433
3010,80,13,1,2,image/13.bmp,1,1,1437
3010,80,14,1,2,image/14.bmp,1,0,6237
3010,80,15,1,2,image/15.bmp,1,1,5753
3010,80,16,1,2,image/16.bmp,1,1,1709
3010,80,17,1,2,image/17.bmp,1,1,4688
3010,80,18,1,2,image/18.bmp,1,0,5818
3010,80,19,1,2,image/19.bmp,1,1,1619
3010,80,20,1,2,image/20.bmp,1,0,2960
3010,80,21,1,2,image/21.bmp,1,1,2649
3010,80,22,1,2,image/22.bmp,1,0,2647
3010,80,23,1,2,image/23.bmp,1,1,1947
3010,80,24,1,2,image/24.bmp,1,1,2408
3010,80,25,1,2,image/25.bmp,1,1,1821
3010,80,26,1,2,image/26.bmp,1,1,3624
3010,80,27,1,2,image/27.bmp,1,1,2311
3010,80,28,1,2,image/28.bmp,1,0,8245
3010,80,29,1,2,image/29.bmp,1,1,3445
3010,80,30,1,2,image/30.bmp,1,1,1799
3011,76,1,1,2,image/1.bmp,2,1,2596
3011,76,2,1,2,image/2.bmp,2,1,1868
3011,76,3,1,2,image/3.bmp,2,1,1501
3011,76,4,1,2,image/4.bmp,2,1,1573
3011,76,5,1,2,image/5.bmp,2,0,5752
3011,76,6,1,2,image/6.bmp,2,1,9229
3011,76,7,1,2,image/7.bmp,2,0,6980
3011,76,8,1,2,image/8.bmp,2,1,2479
3011,76,9,1,2,image/9.bmp,2,1,4916
3011,76,10,1,2,image/10.bmp,2,0,5410
3011,76,11,1,2,image/11.bmp,2,1,2466
3011,76,12,1,2,image/12.bmp,2,0,4386
3011,76,13,1,2,image/13.bmp,2,0,3892
3011,76,14,1,2,image/14.bmp,2,0,10637
3011,76,15,1,2,image/15.bmp,2,0,5380
3011,76,16,1,2,image/16.bmp,2,0,5429
3011,76,17,1,2,image/17.bmp,2,0,6224
3011,76,18,1,2,image/18.bmp,2,0,2797
3011,76,19,1,2,image/19.bmp,2,0,3470
3011,76,20,1,2,image/20.bmp,2,0,7146
3011,76,21,1,2,image/21.bmp,2,1,6665
3011,76,22,1,2,image/22.bmp,2,0,8338
3011,76,23,1,2,image/23.bmp,2,1,4601
3011,76,24,1,2,image/24.bmp,2,0,11929
3011,76,25,1,2,image/25.bmp,2,0,5899
3011,76,26,1,2,image/26.bmp,2,0,11355
3011,76,27,1,2,image/27.bmp,2,0,5528
3011,76,28,1,2,image/28.bmp,2,0,4649
3011,76,29,1,2,image/29.bmp,2,0,6723
3011,76,30,1,2,image/30.bmp,2,1,2989
3012,84,1,1,2,image/1.bmp,1,1,3011
3012,84,2,1,2,image/2.bmp,1,1,1252
3012,84,3,1,2,image/3.bmp,1,1,846
3012,84,4,1,2,image/4.bmp,1,1,429
3012,84,5,1,2,image/5.bmp,1,1,1505
3012,84,6,1,2,image/6.bmp,1,1,2062
3012,84,7,1,2,image/7.bmp,1,1,1232
3012,84,8,1,2,image/8.bmp,1,1,1807
3012,84,9,1,2,image/9.bmp,1,1,2097
3012,84,10,1,2,image/10.bmp,1,1,2139
3012,84,11,1,2,image/11.bmp,1,1,2859
3012,84,12,1,2,image/12.bmp,1,0,17564
3012,84,13,1,2,image/13.bmp,1,1,3116
3012,84,14,1,2,image/14.bmp,1,1,4706
3012,84,15,1,2,image/15.bmp,1,1,12705
3012,84,16,1,2,image/16.bmp,1,1,1975
3012,84,17,1,2,image/17.bmp,1,1,2534
3012,84,18,1,2,image/18.bmp,1,1,2950
3012,84,19,1,2,image/19.bmp,1,1,3312
3012,84,20,1,2,image/20.bmp,1,1,9717
3012,84,21,1,2,image/21.bmp,1,1,3050
3012,84,22,1,2,image/22.bmp,1,0,12455
3012,84,23,1,2,image/23.bmp,1,1,5882
3012,84,24,1,2,image/24.bmp,1,1,5492
3012,84,25,1,2,image/25.bmp,1,1,3182
3012,84,26,1,2,image/26.bmp,1,1,3516
3012,84,27,1,2,image/27.bmp,1,1,6216
3012,84,28,1,2,image/28.bmp,1,0,12107
3012,84,29,1,2,image/29.bmp,1,1,3571
3012,84,30,1,2,image/30.bmp,1,1,1281
3013,78,1,1,2,image/1.bmp,1,1,3236
3013,78,2,1,2,image/2.bmp,1,1,1559
3013,78,3,1,2,image/3.bmp,1,1,1213
3013,78,4,1,2,image/4.bmp,1,1,1411
3013,78,5,1,2,image/5.bmp,1,1,1298
3013,78,6,1,2,image/6.bmp,1,1,1818
3013,78,7,1,2,image/7.bmp,1,1,1057
3013,78,8,1,2,image/8.bmp,1,1,1635
3013,78,9,1,2,image/9.bmp,1,1,2821
3013,78,10,1,2,image/10.bmp,1,1,1139
3013,78,11,1,2,image/11.bmp,1,1,3100
3013,78,12,1,2,image/12.bmp,1,1,2029
3013,78,13,1,2,image/13.bmp,1,1,1544
3013,78,14,1,2,image/14.bmp,1,1,3290
3013,78,15,1,2,image/15.bmp,1,1,4710
3013,78,16,1,2,image/16.bmp,1,1,1220
3013,78,17,1,2,image/17.bmp,1,0,4506
3013,78,18,1,2,image/18.bmp,1,0,0
3013,78,19,1,2,image/19.bmp,1,1,1872
3013,78,20,1,2,image/20.bmp,1,1,4610
3013,78,21,1,2,image/21.bmp,1,1,2440
3013,78,22,1,2,image/22.bmp,1,1,1679
3013,78,23,1,2,image/23.bmp,1,1,1977
3013,78,24,1,2,image/24.bmp,1,1,2081
3013,78,25,1,2,image/25.bmp,1,1,1588
3013,78,26,1,2,image/26.bmp,1,1,1733
3013,78,27,1,2,image/27.bmp,1,1,1916
3013,78,28,1,2,image/28.bmp,1,1,2727
3013,78,29,1,2,image/29.bmp,1,1,3039
3013,78,30,1,2,image/30.bmp,1,1,1931
4002,72,1,1,2,image/1.bmp,1,1,3544
4002,72,2,1,2,image/2.bmp,1,1,1569
4002,72,3,1,2,image/3.bmp,1,1,1845
4002,72,4,1,2,image/4.bmp,1,1,2689
4002,72,5,1,2,image/5.bmp,1,1,2771
4002,72,6,1,2,image/6.bmp,1,1,2865
4002,72,7,1,2,image/7.bmp,1,1,1894
4002,72,8,1,2,image/8.bmp,1,1,2487
4002,72,9,1,2,image/9.bmp,1,1,2470
4002,72,10,1,2,image/10.bmp,1,1,1635
4002,72,11,1,2,image/11.bmp,1,1,4484
4002,72,12,1,2,image/12.bmp,1,0,0
4002,72,13,1,2,image/13.bmp,1,1,4399
4002,72,14,1,2,image/14.bmp,1,1,6407
4002,72,15,1,2,image/15.bmp,1,0,0
4002,72,16,1,2,image/16.bmp,1,1,4332
4002,72,17,1,2,image/17.bmp,1,0,5967
4002,72,18,1,2,image/18.bmp,1,0,5604
4002,72,19,1,2,image/19.bmp,1,1,8263
4002,72,20,1,2,image/20.bmp,1,0,16610
4002,72,21,1,2,image/21.bmp,1,1,5794
4002,72,22,1,2,image/22.bmp,1,0,10936
4002,72,23,1,2,image/23.bmp,1,1,3395
4002,72,24,1,2,image/24.bmp,1,1,2661
4002,72,25,1,2,image/25.bmp,1,1,5907
4002,72,26,1,2,image/26.bmp,1,1,8497
4002,72,27,1,2,image/27.bmp,1,1,5382
4002,72,28,1,2,image/28.bmp,1,0,9617
4002,72,29,1,2,image/29.bmp,1,1,2796
4002,72,30,1,2,image/30.bmp,1,1,3706
4003,70,1,1,1,image/1.bmp,2,1,2102
4003,70,2,1,1,image/2.bmp,2,1,1483
4003,70,3,1,1,image/3.bmp,2,1,1238
4003,70,4,1,1,image/4.bmp,2,1,1507
4003,70,5,1,1,image/5.bmp,2,1,1905
4003,70,6,1,1,image/6.bmp,2,1,3759
4003,70,7,1,1,image/7.bmp,2,1,3720
4003,70,8,1,1,image/8.bmp,2,1,1914
4003,70,9,1,1,image/9.bmp,2,1,1980
4003,70,10,1,1,image/10.bmp,2,1,1309
4003,70,11,1,1,image/11.bmp,2,1,2794
4003,70,12,1,1,image/12.bmp,2,1,2428
4003,70,13,1,1,image/13.bmp,2,0,4947
4003,70,14,1,1,image/14.bmp,2,1,9481
4003,70,15,1,1,image/15.bmp,2,1,3311
4003,70,16,1,1,image/16.bmp,2,1,2704
4003,70,17,1,1,image/17.bmp,2,0,0
4003,70,18,1,1,image/18.bmp,2,0,6530
4003,70,19,1,1,image/19.bmp,2,1,2433
4003,70,20,1,1,image/20.bmp,2,0,5526
4003,70,21,1,1,image/21.bmp,2,1,3475
4003,70,22,1,1,image/22.bmp,2,0,5632
4003,70,23,1,1,image/23.bmp,2,1,5103
4003,70,24,1,1,image/24.bmp,2,1,6421
4003,70,25,1,1,image/25.bmp,2,1,4973
4003,70,26,1,1,image/26.bmp,2,0,3437
4003,70,27,1,1,image/27.bmp,2,1,9000
4003,70,28,1,1,image/28.bmp,2,0,0
4003,70,29,1,1,image/29.bmp,2,1,5569
4003,70,30,1,1,image/30.bmp,2,1,1363
4004,75,1,1,2,image/1.bmp,2,1,2771
4004,75,2,1,2,image/2.bmp,2,1,2977
4004,75,3,1,2,image/3.bmp,2,1,1108
4004,75,4,1,2,image/4.bmp,2,1,1544
4004,75,5,1,2,image/5.bmp,2,1,2143
4004,75,6,1,2,image/6.bmp,2,1,1442
4004,75,7,1,2,image/7.bmp,2,1,1773
4004,75,8,1,2,image/8.bmp,2,1,2016
4004,75,9,1,2,image/9.bmp,2,1,1711
4004,75,10,1,2,image/10.bmp,2,1,1272
4004,75,11,1,2,image/11.bmp,2,1,5634
4004,75,12,1,2,image/12.bmp,2,1,1742
4004,75,13,1,2,image/13.bmp,2,0,4377
4004,75,14,1,2,image/14.bmp,2,0,5115
4004,75,15,1,2,image/15.bmp,2,0,0
4004,75,16,1,2,image/16.bmp,2,1,2327
4004,75,17,1,2,image/17.bmp,2,0,6207
4004,75,18,1,2,image/18.bmp,2,0,9033
4004,75,19,1,2,image/19.bmp,2,1,3691
4004,75,20,1,2,image/20.bmp,2,1,7193
4004,75,21,1,2,image/21.bmp,2,1,6583
4004,75,22,1,2,image/22.bmp,2,1,3518
4004,75,23,1,2,image/23.bmp,2,1,7414
4004,75,24,1,2,image/24.bmp,2,1,3414
4004,75,25,1,2,image/25.bmp,2,1,4388
4004,75,26,1,2,image/26.bmp,2,0,9933
4004,75,27,1,2,image/27.bmp,2,1,3416
4004,75,28,1,2,image/28.bmp,2,0,14844
4004,75,29,1,2,image/29.bmp,2,0,3529
4004,75,30,1,2,image/30.bmp,2,1,1958
4005,71,1,1,2,image/1.bmp,2,1,6523
4005,71,2,1,2,image/2.bmp,2,1,1358
4005,71,3,1,2,image/3.bmp,2,1,1209
4005,71,4,1,2,image/4.bmp,2,1,1277
4005,71,5,1,2,image/5.bmp,2,1,1366
4005,71,6,1,2,image/6.bmp,2,0,3428
4005,71,7,1,2,image/7.bmp,2,1,1747
4005,71,8,1,2,image/8.bmp,2,1,1540
4005,71,9,1,2,image/9.bmp,2,1,1299
4005,71,10,1,2,image/10.bmp,2,1,1159
4005,71,11,1,2,image/11.bmp,2,1,1597
4005,71,12,1,2,image/12.bmp,2,1,2564
4005,71,13,1,2,image/13.bmp,2,1,2281
4005,71,14,1,2,image/14.bmp,2,1,4173
4005,71,15,1,2,image/15.bmp,2,0,0
4005,71,16,1,2,image/16.bmp,2,1,1758
4005,71,17,1,2,image/17.bmp,2,0,17425
4005,71,18,1,2,image/18.bmp,2,1,6079
4005,71,19,1,2,image/19.bmp,2,1,7434
4005,71,20,1,2,image/20.bmp,2,1,8472
4005,71,21,1,2,image/21.bmp,2,1,2497
4005,71,22,1,2,image/22.bmp,2,1,2654
4005,71,23,1,2,image/23.bmp,2,1,1890
4005,71,24,1,2,image/24.bmp,2,1,1659
4005,71,25,1,2,image/25.bmp,2,1,1884
4005,71,26,1,2,image/26.bmp,2,1,2883
4005,71,27,1,2,image/27.bmp,2,1,8130
4005,71,28,1,2,image/28.bmp,2,1,7997
4005,71,29,1,2,image/29.bmp,2,1,4254
4005,71,30,1,2,image/30.bmp,2,1,1072
4006,68,1,1,2,image/1.bmp,2,1,2862
4006,68,2,1,2,image/2.bmp,2,1,788
4006,68,3,1,2,image/3.bmp,2,1,707
4006,68,4,1,2,image/4.bmp,2,1,708
4006,68,5,1,2,image/5.bmp,2,1,2422
4006,68,6,1,2,image/6.bmp,2,1,1550
4006,68,7,1,2,image/7.bmp,2,1,688
4006,68,8,1,2,image/8.bmp,2,1,797
4006,68,9,1,2,image/9.bmp,2,1,650
4006,68,10,1,2,image/10.bmp,2,1,1293
4006,68,11,1,2,image/11.bmp,2,1,781
4006,68,12,1,2,image/12.bmp,2,1,3062
4006,68,13,1,2,image/13.bmp,2,0,1046
4006,68,14,1,2,image/14.bmp,2,1,576
4006,68,15,1,2,image/15.bmp,2,0,5850
4006,68,16,1,2,image/16.bmp,2,1,1490
4006,68,17,1,2,image/17.bmp,2,0,1438
4006,68,18,1,2,image/18.bmp,2,1,5037
4006,68,19,1,2,image/19.bmp,2,1,933
4006,68,20,1,2,image/20.bmp,2,0,2017
4006,68,21,1,2,image/21.bmp,2,1,1568
4006,68,22,1,2,image/22.bmp,2,1,1036
4006,68,23,1,2,image/23.bmp,2,1,700
4006,68,24,1,2,image/24.bmp,2,1,3018
4006,68,25,1,2,image/25.bmp,2,1,1043
4006,68,26,1,2,image/26.bmp,2,0,950
4006,68,27,1,2,image/27.bmp,2,1,1230
4006,68,28,1,2,image/28.bmp,2,0,774
4006,68,29,1,2,image/29.bmp,2,0,1241
4006,68,30,1,2,image/30.bmp,2,1,780
4008,74,1,1,2,image/1.bmp,2,1,7179
4008,74,2,1,2,image/2.bmp,2,1,2259
4008,74,3,1,2,image/3.bmp,2,1,1648
4008,74,4,1,2,image/4.bmp,2,1,3849
4008,74,5,1,2,image/5.bmp,2,0,5473
4008,74,6,1,2,image/6.bmp,2,0,6477
4008,74,7,1,2,image/7.bmp,2,0,6094
4008,74,8,1,2,image/8.bmp,2,1,2174
4008,74,9,1,2,image/9.bmp,2,0,4863
4008,74,10,1,2,image/10.bmp,2,1,3063
4008,74,11,1,2,image/11.bmp,2,1,2139
4008,74,12,1,2,image/12.bmp,2,0,4669
4008,74,13,1,2,image/13.bmp,2,0,4555
4008,74,14,1,2,image/14.bmp,2,0,6940
4008,74,15,1,2,image/15.bmp,2,0,4490
4008,74,16,1,2,image/16.bmp,2,0,10053
4008,74,17,1,2,image/17.bmp,2,0,4292
4008,74,18,1,2,image/18.bmp,2,0,6224
4008,74,19,1,2,image/19.bmp,2,0,9571
4008,74,20,1,2,image/20.bmp,2,0,4954
4008,74,21,1,2,image/21.bmp,2,0,6409
4008,74,22,1,2,image/22.bmp,2,0,8173
4008,74,23,1,2,image/23.bmp,2,0,9548
4008,74,24,1,2,image/24.bmp,2,0,7601
4008,74,25,1,2,image/25.bmp,2,0,6480
4008,74,26,1,2,image/26.bmp,2,0,3403
4008,74,27,1,2,image/27.bmp,2,0,7175
4008,74,28,1,2,image/28.bmp,2,0,3240
4008,74,29,1,2,image/29.bmp,2,0,5055
4008,74,30,1,2,image/30.bmp,2,1,8499
4009,52,1,1,2,image/1.bmp,2,1,3903
4009,52,2,1,2,image/2.bmp,2,1,1438
4009,52,3,1,2,image/3.bmp,2,1,1202
4009,52,4,1,2,image/4.bmp,2,1,1219
4009,52,5,1,2,image/5.bmp,2,1,1349
4009,52,6,1,2,image/6.bmp,2,1,1190
4009,52,7,1,2,image/7.bmp,2,0,9852
4009,52,8,1,2,image/8.bmp,2,1,3646
4009,52,9,1,2,image/9.bmp,2,1,2673
4009,52,10,1,2,image/10.bmp,2,1,2303
4009,52,11,1,2,image/11.bmp,2,1,2583
4009,52,12,1,2,image/12.bmp,2,0,6002
4009,52,13,1,2,image/13.bmp,2,0,8211
4009,52,14,1,2,image/14.bmp,2,0,4650
4009,52,15,1,2,image/15.bmp,2,1,6820
4009,52,16,1,2,image/16.bmp,2,1,3536
4009,52,17,1,2,image/17.bmp,2,0,7061
4009,52,18,1,2,image/18.bmp,2,1,4840
4009,52,19,1,2,image/19.bmp,2,1,2046
4009,52,20,1,2,image/20.bmp,2,0,8484
4009,52,21,1,2,image/21.bmp,2,1,13025
4009,52,22,1,2,image/22.bmp,2,0,6178
4009,52,23,1,2,image/23.bmp,2,1,5593
4009,52,24,1,2,image/24.bmp,2,1,7007
4009,52,25,1,2,image/25.bmp,2,1,5482
4009,52,26,1,2,image/26.bmp,2,0,14305
4009,52,27,1,2,image/27.bmp,2,1,13968
4009,52,28,1,2,image/28.bmp,2,0,6163
4009,52,29,1,2,image/29.bmp,2,1,3323
4009,52,30,1,2,image/30.bmp,2,1,2559
4010,56,1,1,2,image/1.bmp,2,1,4188
4010,56,2,1,2,image/2.bmp,2,1,1092
4010,56,3,1,2,image/3.bmp,2,1,1277
4010,56,4,1,2,image/4.bmp,2,1,1431
4010,56,5,1,2,image/5.bmp,2,1,1265
4010,56,6,1,2,image/6.bmp,2,1,1311
4010,56,7,1,2,image/7.bmp,2,1,1602
4010,56,8,1,2,image/8.bmp,2,1,2401
4010,56,9,1,2,image/9.bmp,2,1,1287
4010,56,10,1,2,image/10.bmp,2,1,1385
4010,56,11,1,2,image/11.bmp,2,1,3525
4010,56,12,1,2,image/12.bmp,2,1,3428
4010,56,13,1,2,image/13.bmp,2,0,3185
4010,56,14,1,2,image/14.bmp,2,1,9569
4010,56,15,1,2,image/15.bmp,2,0,14119
4010,56,16,1,2,image/16.bmp,2,1,2633
4010,56,17,1,2,image/17.bmp,2,0,8255
4010,56,18,1,2,image/18.bmp,2,0,9214
4010,56,19,1,2,image/19.bmp,2,1,9325
4010,56,20,1,2,image/20.bmp,2,0,5482
4010,56,21,1,2,image/21.bmp,2,1,14466
4010,56,22,1,2,image/22.bmp,2,0,0
4010,56,23,1,2,image/23.bmp,2,1,7321
4010,56,24,1,2,image/24.bmp,2,1,6023
4010,56,25,1,2,image/25.bmp,2,1,6096
4010,56,26,1,2,image/26.bmp,2,0,4323
4010,56,27,1,2,image/27.bmp,2,0,12506
4010,56,28,1,2,image/28.bmp,2,1,11793
4010,56,29,1,2,image/29.bmp,2,0,3853
4010,56,30,1,2,image/30.bmp,2,1,2456
4011,79,1,1,2,image/1.bmp,1,1,3446
4011,79,2,1,2,image/2.bmp,1,1,2173
4011,79,3,1,2,image/3.bmp,1,1,1274
4011,79,4,1,2,image/4.bmp,1,1,2698
4011,79,5,1,2,image/5.bmp,1,1,1896
4011,79,6,1,2,image/6.bmp,1,1,1235
4011,79,7,1,2,image/7.bmp,1,1,2091
4011,79,8,1,2,image/8.bmp,1,1,1074
4011,79,9,1,2,image/9.bmp,1,1,2399
4011,79,10,1,2,image/10.bmp,1,1,1476
4011,79,11,1,2,image/11.bmp,1,1,1526
4011,79,12,1,2,image/12.bmp,1,1,9466
4011,79,13,1,2,image/13.bmp,1,0,6699
4011,79,14,1,2,image/14.bmp,1,1,6343
4011,79,15,1,2,image/15.bmp,1,1,2564
4011,79,16,1,2,image/16.bmp,1,1,4401
4011,79,17,1,2,image/17.bmp,1,0,2899
4011,79,18,1,2,image/18.bmp,1,0,4960
4011,79,19,1,2,image/19.bmp,1,1,2444
4011,79,20,1,2,image/20.bmp,1,1,5814
4011,79,21,1,2,image/21.bmp,1,1,2531
4011,79,22,1,2,image/22.bmp,1,1,4178
4011,79,23,1,2,image/23.bmp,1,1,3770
4011,79,24,1,2,image/24.bmp,1,1,2674
4011,79,25,1,2,image/25.bmp,1,1,4359
4011,79,26,1,2,image/26.bmp,1,1,10601
4011,79,27,1,2,image/27.bmp,1,1,6926
4011,79,28,1,2,image/28.bmp,1,0,8116
4011,79,29,1,2,image/29.bmp,1,0,7302
4011,79,30,1,2,image/30.bmp,1,1,2380
4013,73,1,1,2,image/1.bmp,2,1,1556
4013,73,2,1,2,image/2.bmp,2,1,1548
4013,73,3,1,2,image/3.bmp,2,1,1605
4013,73,4,1,2,image/4.bmp,2,1,1395
4013,73,5,1,2,image/5.bmp,2,1,2858
4013,73,6,1,2,image/6.bmp,2,1,1359
4013,73,7,1,2,image/7.bmp,2,1,1654
4013,73,8,1,2,image/8.bmp,2,1,2341
4013,73,9,1,2,image/9.bmp,2,1,14752
4013,73,10,1,2,image/10.bmp,2,1,1526
4013,73,11,1,2,image/11.bmp,2,1,2860
4013,73,12,1,2,image/12.bmp,2,1,3156
4013,73,13,1,2,image/13.bmp,2,1,4937
4013,73,14,1,2,image/14.bmp,2,0,12315
4013,73,15,1,2,image/15.bmp,2,0,7666
4013,73,16,1,2,image/16.bmp,2,0,7215
4013,73,17,1,2,image/17.bmp,2,0,7111
4013,73,18,1,2,image/18.bmp,2,1,12588
4013,73,19,1,2,image/19.bmp,2,1,14711
4013,73,20,1,2,image/20.bmp,2,0,7018
4013,73,21,1,2,image/21.bmp,2,1,3237
4013,73,22,1,2,image/22.bmp,2,0,8557
4013,73,23,1,2,image/23.bmp,2,1,3676
4013,73,24,1,2,image/24.bmp,2,1,3997
4013,73,25,1,2,image/25.bmp,2,1,5447
4013,73,26,1,2,image/26.bmp,2,1,3329
4013,73,27,1,2,image/27.bmp,2,0,0
4013,73,28,1,2,image/28.bmp,2,1,11161
4013,73,29,1,2,image/29.bmp,2,1,2592
4013,73,30,1,2,image/30.bmp,2,1,1316
4014,67,1,1,2,image/1.bmp,2,1,5194
4014,67,2,1,2,image/2.bmp,2,1,3803
4014,67,3,1,2,image/3.bmp,2,1,1450
4014,67,4,1,2,image/4.bmp,2,1,1782
4014,67,5,1,2,image/5.bmp,2,0,3531
4014,67,6,1,2,image/6.bmp,2,1,1696
4014,67,7,1,2,image/7.bmp,2,0,8427
4014,67,8,1,2,image/8.bmp,2,1,1728
4014,67,9,1,2,image/9.bmp,2,1,3156
4014,67,10,1,2,image/10.bmp,2,1,2787
4014,67,11,1,2,image/11.bmp,2,0,13949
4014,67,12,1,2,image/12.bmp,2,0,6510
4014,67,13,1,2,image/13.bmp,2,0,6904
4014,67,14,1,2,image/14.bmp,2,0,8200
4014,67,15,1,2,image/15.bmp,2,0,6536
4014,67,16,1,2,image/16.bmp,2,0,6087
4014,67,17,1,2,image/17.bmp,2,0,3220
4014,67,18,1,2,image/18.bmp,2,0,8747
4014,67,19,1,2,image/19.bmp,2,0,11264
4014,67,20,1,2,image/20.bmp,2,0,6695
4014,67,21,1,2,image/21.bmp,2,1,5344
4014,67,22,1,2,image/22.bmp,2,0,2453
4014,67,23,1,2,image/23.bmp,2,0,7270
4014,67,24,1,2,image/24.bmp,2,0,10273
4014,67,25,1,2,image/25.bmp,2,0,8069
4014,67,26,1,2,image/26.bmp,2,0,8612
4014,67,27,1,2,image/27.bmp,2,0,11694
4014,67,28,1,2,image/28.bmp,2,0,10149
4014,67,29,1,2,image/29.bmp,2,0,8339
4014,67,30,1,2,image/30.bmp,2,1,4185
5002,66,1,1,2,image/1.bmp,2,1,2908
5002,66,2,1,2,image/2.bmp,2,1,2451
5002,66,3,1,2,image/3.bmp,2,1,1307
5002,66,4,1,2,image/4.bmp,2,1,1795
5002,66,5,1,2,image/5.bmp,2,1,2060
5002,66,6,1,2,image/6.bmp,2,1,1711
5002,66,7,1,2,image/7.bmp,2,1,2166
5002,66,8,1,2,image/8.bmp,2,1,1812
5002,66,9,1,2,image/9.bmp,2,1,1607
5002,66,10,1,2,image/10.bmp,2,1,1352
5002,66,11,1,2,image/11.bmp,2,1,4434
5002,66,12,1,2,image/12.bmp,2,1,1731
5002,66,13,1,2,image/13.bmp,2,1,6538
5002,66,14,1,2,image/14.bmp,2,1,11452
5002,66,15,1,2,image/15.bmp,2,0,0
5002,66,16,1,2,image/16.bmp,2,1,9146
5002,66,17,1,2,image/17.bmp,2,0,13562
5002,66,18,1,2,image/18.bmp,2,0,0
5002,66,19,1,2,image/19.bmp,2,1,4704
5002,66,20,1,2,image/20.bmp,2,0,0
5002,66,21,1,2,image/21.bmp,2,1,3631
5002,66,22,1,2,image/22.bmp,2,0,0
5002,66,23,1,2,image/23.bmp,2,0,0
5002,66,24,1,2,image/24.bmp,2,0,0
5002,66,25,1,2,image/25.bmp,2,1,4192
5002,66,26,1,2,image/26.bmp,2,0,0
5002,66,27,1,2,image/27.bmp,2,1,6579
5002,66,28,1,2,image/28.bmp,2,1,10940
5002,66,29,1,2,image/29.bmp,2,1,4114
5002,66,30,1,2,image/30.bmp,2,1,1353
5004,77,1,1,2,image/1.bmp,2,1,4533
5004,77,2,1,2,image/2.bmp,2,1,3963
5004,77,3,1,2,image/3.bmp,2,1,2278
5004,77,4,1,2,image/4.bmp,2,1,2449
5004,77,5,1,2,image/5.bmp,2,1,2384
5004,77,6,1,2,image/6.bmp,2,1,1979
5004,77,7,1,2,image/7.bmp,2,1,5537
5004,77,8,1,2,image/8.bmp,2,1,1836
5004,77,9,1,2,image/9.bmp,2,1,1823
5004,77,10,1,2,image/10.bmp,2,1,1488
5004,77,11,1,2,image/11.bmp,2,1,3173
5004,77,12,1,2,image/12.bmp,2,1,2041
5004,77,13,1,2,image/13.bmp,2,1,3451
5004,77,14,1,2,image/14.bmp,2,0,0
5004,77,15,1,2,image/15.bmp,2,0,0
5004,77,16,1,2,image/16.bmp,2,1,1826
5004,77,17,1,2,image/17.bmp,2,0,8147
5004,77,18,1,2,image/18.bmp,2,1,3024
5004,77,19,1,2,image/19.bmp,2,1,7613
5004,77,20,1,2,image/20.bmp,2,1,4812
5004,77,21,1,2,image/21.bmp,2,1,6838
5004,77,22,1,2,image/22.bmp,2,1,4318
5004,77,23,1,2,image/23.bmp,2,0,7291
5004,77,24,1,2,image/24.bmp,2,1,2621
5004,77,25,1,2,image/25.bmp,2,1,6962
5004,77,26,1,2,image/26.bmp,2,0,3725
5004,77,27,1,2,image/27.bmp,2,0,0
5004,77,28,1,2,image/28.bmp,2,1,8698
5004,77,29,1,2,image/29.bmp,2,0,10085
5004,77,30,1,2,image/30.bmp,2,1,1479
5005,77,1,1,2,image/1.bmp,2,1,2365
5005,77,2,1,2,image/2.bmp,2,1,2259
5005,77,3,1,2,image/3.bmp,2,1,1307
5005,77,4,1,2,image/4.bmp,2,1,2676
5005,77,5,1,2,image/5.bmp,2,1,2445
5005,77,6,1,2,image/6.bmp,2,1,2671
5005,77,7,1,2,image/7.bmp,2,1,3244
5005,77,8,1,2,image/8.bmp,2,1,2486
5005,77,9,1,2,image/9.bmp,2,1,1854
5005,77,10,1,2,image/10.bmp,2,1,1377
5005,77,11,1,2,image/11.bmp,2,0,3002
5005,77,12,1,2,image/12.bmp,2,1,3705
5005,77,13,1,2,image/13.bmp,2,1,2850
5005,77,14,1,2,image/14.bmp,2,0,0
5005,77,15,1,2,image/15.bmp,2,0,9020
5005,77,16,1,2,image/16.bmp,2,1,5380
5005,77,17,1,2,image/17.bmp,2,0,11344
5005,77,18,1,2,image/18.bmp,2,0,0
5005,77,19,1,2,image/19.bmp,2,1,6481
5005,77,20,1,2,image/20.bmp,2,0,6423
5005,77,21,1,2,image/21.bmp,2,1,4991
5005,77,22,1,2,image/22.bmp,2,0,0
5005,77,23,1,2,image/23.bmp,2,1,13379
5005,77,24,1,2,image/24.bmp,2,0,8098
5005,77,25,1,2,image/25.bmp,2,1,7570
5005,77,26,1,2,image/26.bmp,2,0,6711
5005,77,27,1,2,image/27.bmp,2,0,4685
5005,77,28,1,2,image/28.bmp,2,0,5823
5005,77,29,1,2,image/29.bmp,2,1,6925
5005,77,30,1,2,image/30.bmp,2,1,1296
5006,80,1,1,2,image/1.bmp,1,1,2066
5006,80,2,1,2,image/2.bmp,1,1,1339
5006,80,3,1,2,image/3.bmp,1,1,1387
5006,80,4,1,2,image/4.bmp,1,1,3536
5006,80,5,1,2,image/5.bmp,1,1,1984
5006,80,6,1,2,image/6.bmp,1,1,2344
5006,80,7,1,2,image/7.bmp,1,1,2201
5006,80,8,1,2,image/8.bmp,1,1,1832
5006,80,9,1,2,image/9.bmp,1,0,9000
5006,80,10,1,2,image/10.bmp,1,1,2557
5006,80,11,1,2,image/11.bmp,1,1,2699
5006,80,12,1,2,image/12.bmp,1,0,12367
5006,80,13,1,2,image/13.bmp,1,1,2159
5006,80,14,1,2,image/14.bmp,1,0,0
5006,80,15,1,2,image/15.bmp,1,1,4343
5006,80,16,1,2,image/16.bmp,1,0,6319
5006,80,17,1,2,image/17.bmp,1,0,4586
5006,80,18,1,2,image/18.bmp,1,0,4864
5006,80,19,1,2,image/19.bmp,1,1,4689
5006,80,20,1,2,image/20.bmp,1,0,6460
5006,80,21,1,2,image/21.bmp,1,1,7586
5006,80,22,1,2,image/22.bmp,1,1,4186
5006,80,23,1,2,image/23.bmp,1,0,5437
5006,80,24,1,2,image/24.bmp,1,1,2250
5006,80,25,1,2,image/25.bmp,1,1,6651
5006,80,26,1,2,image/26.bmp,1,0,8937
5006,80,27,1,2,image/27.bmp,1,0,7125
5006,80,28,1,2,image/28.bmp,1,0,7877
5006,80,29,1,2,image/29.bmp,1,0,5821
5006,80,30,1,2,image/30.bmp,1,1,1479
5007,66,1,1,2,image/1.bmp,1,1,2728
5007,66,2,1,2,image/2.bmp,1,1,1946
5007,66,3,1,2,image/3.bmp,1,1,1532
5007,66,4,1,2,image/4.bmp,1,1,2296
5007,66,5,1,2,image/5.bmp,1,1,1624
5007,66,6,1,2,image/6.bmp,1,1,7937
5007,66,7,1,2,image/7.bmp,1,1,1549
5007,66,8,1,2,image/8.bmp,1,1,1973
5007,66,9,1,2,image/9.bmp,1,1,1987
5007,66,10,1,2,image/10.bmp,1,1,1656
5007,66,11,1,2,image/11.bmp,1,1,2077
5007,66,12,1,2,image/12.bmp,1,1,2600
5007,66,13,1,2,image/13.bmp,1,1,1942
5007,66,14,1,2,image/14.bmp,1,1,7094
5007,66,15,1,2,image/15.bmp,1,0,10423
5007,66,16,1,2,image/16.bmp,1,1,1435
5007,66,17,1,2,image/17.bmp,1,0,5315
5007,66,18,1,2,image/18.bmp,1,0,15642
5007,66,19,1,2,image/19.bmp,1,1,2865
5007,66,20,1,2,image/20.bmp,1,0,9689
5007,66,21,1,2,image/21.bmp,1,1,3453
5007,66,22,1,2,image/22.bmp,1,1,2787
5007,66,23,1,2,image/23.bmp,1,1,1594
5007,66,24,1,2,image/24.bmp,1,1,4053
5007,66,25,1,2,image/25.bmp,1,1,3949
5007,66,26,1,2,image/26.bmp,1,1,5520
5007,66,27,1,2,image/27.bmp,1,1,2133
5007,66,28,1,2,image/28.bmp,1,1,10864
5007,66,29,1,2,image/29.bmp,1,1,2105
5007,66,30,1,2,image/30.bmp,1,1,1117
5008,83,1,1,2,image/1.bmp,2,1,2591
5008,83,2,1,2,image/2.bmp,2,1,2141
5008,83,3,1,2,image/3.bmp,2,1,1448
5008,83,4,1,2,image/4.bmp,2,1,2025
5008,83,5,1,2,image/5.bmp,2,1,3877
5008,83,6,1,2,image/6.bmp,2,1,3983
5008,83,7,1,2,image/7.bmp,2,1,1738
5008,83,8,1,2,image/8.bmp,2,1,2258
5008,83,9,1,2,image/9.bmp,2,1,5743
5008,83,10,1,2,image/10.bmp,2,1,2092
5008,83,11,1,2,image/11.bmp,2,0,4184
5008,83,12,1,2,image/12.bmp,2,1,5184
5008,83,13,1,2,image/13.bmp,2,1,1779
5008,83,14,1,2,image/14.bmp,2,0,11435
5008,83,15,1,2,image/15.bmp,2,0,11332
5008,83,16,1,2,image/16.bmp,2,0,2527
5008,83,17,1,2,image/17.bmp,2,0,0
5008,83,18,1,2,image/18.bmp,2,0,6118
5008,83,19,1,2,image/19.bmp,2,1,6316
5008,83,20,1,2,image/20.bmp,2,0,10131
5008,83,21,1,2,image/21.bmp,2,0,4728
5008,83,22,1,2,image/22.bmp,2,0,4459
5008,83,23,1,2,image/23.bmp,2,1,4261
5008,83,24,1,2,image/24.bmp,2,1,3569
5008,83,25,1,2,image/25.bmp,2,0,0
5008,83,26,1,2,image/26.bmp,2,0,6193
5008,83,27,1,2,image/27.bmp,2,0,6861
5008,83,28,1,2,image/28.bmp,2,1,7430
5008,83,29,1,2,image/29.bmp,2,0,3304
5008,83,30,1,2,image/30.bmp,2,1,2751
5009,79,1,1,2,image/1.bmp,2,1,2599
5009,79,2,1,2,image/2.bmp,2,1,2288
5009,79,3,1,2,image/3.bmp,2,1,1528
5009,79,4,1,2,image/4.bmp,2,1,1913
5009,79,5,1,2,image/5.bmp,2,1,1767
5009,79,6,1,2,image/6.bmp,2,1,2416
5009,79,7,1,2,image/7.bmp,2,1,2900
5009,79,8,1,2,image/8.bmp,2,1,2444
5009,79,9,1,2,image/9.bmp,2,1,2131
5009,79,10,1,2,image/10.bmp,2,1,1770
5009,79,11,1,2,image/11.bmp,2,1,2236
5009,79,12,1,2,image/12.bmp,2,0,9906
5009,79,13,1,2,image/13.bmp,2,1,2652
5009,79,14,1,2,image/14.bmp,2,0,11211
5009,79,15,1,2,image/15.bmp,2,0,7563
5009,79,16,1,2,image/16.bmp,2,0,2801
5009,79,17,1,2,image/17.bmp,2,0,9799
5009,79,18,1,2,image/18.bmp,2,0,4671
5009,79,19,1,2,image/19.bmp,2,1,3726
5009,79,20,1,2,image/20.bmp,2,0,10131
5009,79,21,1,2,image/21.bmp,2,0,12336
5009,79,22,1,2,image/22.bmp,2,0,6518
5009,79,23,1,2,image/23.bmp,2,1,3776
5009,79,24,1,2,image/24.bmp,2,1,3690
5009,79,25,1,2,image/25.bmp,2,1,10996
5009,79,26,1,2,image/26.bmp,2,0,13086
5009,79,27,1,2,image/27.bmp,2,1,4200
5009,79,28,1,2,image/28.bmp,2,0,11630
5009,79,29,1,2,image/29.bmp,2,1,2003
5009,79,30,1,2,image/30.bmp,2,1,1611
5010,80,1,1,2,image/1.bmp,2,1,4289
5010,80,2,1,2,image/2.bmp,2,1,2813
5010,80,3,1,2,image/3.bmp,2,1,1962
5010,80,4,1,2,image/4.bmp,2,1,1827
5010,80,5,1,2,image/5.bmp,2,1,3807
5010,80,6,1,2,image/6.bmp,2,1,2386
5010,80,7,1,2,image/7.bmp,2,1,1864
5010,80,8,1,2,image/8.bmp,2,1,2892
5010,80,9,1,2,image/9.bmp,2,0,5525
5010,80,10,1,2,image/10.bmp,2,0,3108
5010,80,11,1,2,image/11.bmp,2,0,5053
5010,80,12,1,2,image/12.bmp,2,0,15886
5010,80,13,1,2,image/13.bmp,2,1,3559
5010,80,14,1,2,image/14.bmp,2,0,7768
5010,80,15,1,2,image/15.bmp,2,0,8858
5010,80,16,1,2,image/16.bmp,2,1,6878
5010,80,17,1,2,image/17.bmp,2,0,18656
5010,80,18,1,2,image/18.bmp,2,0,11013
5010,80,19,1,2,image/19.bmp,2,0,9994
5010,80,20,1,2,image/20.bmp,2,0,6785
5010,80,21,1,2,image/21.bmp,2,1,4385
5010,80,22,1,2,image/22.bmp,2,0,12487
5010,80,23,1,2,image/23.bmp,2,0,18221
5010,80,24,1,2,image/24.bmp,2,0,10671
5010,80,25,1,2,image/25.bmp,2,0,11468
5010,80,26,1,2,image/26.bmp,2,0,6177
5010,80,27,1,2,image/27.bmp,2,0,12868
5010,80,28,1,2,image/28.bmp,2,0,15664
5010,80,29,1,2,image/29.bmp,2,0,4885
5010,80,30,1,2,image/30.bmp,2,1,3615
5011,60,1,1,2,image/1.bmp,1,1,1495
5011,60,2,1,2,image/2.bmp,1,1,1226
5011,60,3,1,2,image/3.bmp,1,1,1352
5011,60,4,1,2,image/4.bmp,1,1,1761
5011,60,5,1,2,image/5.bmp,1,1,2345
5011,60,6,1,2,image/6.bmp,1,1,1588
5011,60,7,1,2,image/7.bmp,1,1,1490
5011,60,8,1,2,image/8.bmp,1,1,2111
5011,60,9,1,2,image/9.bmp,1,1,10653
5011,60,10,1,2,image/10.bmp,1,1,1580
5011,60,11,1,2,image/11.bmp,1,1,2299
5011,60,12,1,2,image/12.bmp,1,1,4682
5011,60,13,1,2,image/13.bmp,1,0,11039
5011,60,14,1,2,image/14.bmp,1,1,15361
5011,60,15,1,2,image/15.bmp,1,0,6053
5011,60,16,1,2,image/16.bmp,1,1,2470
5011,60,17,1,2,image/17.bmp,1,0,3890
5011,60,18,1,2,image/18.bmp,1,0,12285
5011,60,19,1,2,image/19.bmp,1,1,4647
5011,60,20,1,2,image/20.bmp,1,0,4065
5011,60,21,1,2,image/21.bmp,1,1,2139
5011,60,22,1,2,image/22.bmp,1,0,11898
5011,60,23,1,2,image/23.bmp,1,1,2227
5011,60,24,1,2,image/24.bmp,1,1,2547
5011,60,25,1,2,image/25.bmp,1,1,2283
5011,60,26,1,2,image/26.bmp,1,0,9425
5011,60,27,1,2,image/27.bmp,1,1,3178
5011,60,28,1,2,image/28.bmp,1,0,0
5011,60,29,1,2,image/29.bmp,1,1,2770
5011,60,30,1,2,image/30.bmp,1,1,1621
5012,75,1,1,2,image/1.bmp,2,1,3635
5012,75,2,1,2,image/2.bmp,2,1,2066
5012,75,3,1,2,image/3.bmp,2,1,2042
5012,75,4,1,2,image/4.bmp,2,1,2154
5012,75,5,1,2,image/5.bmp,2,1,2820
5012,75,6,1,2,image/6.bmp,2,1,1948
5012,75,7,1,2,image/7.bmp,2,1,1821
5012,75,8,1,2,image/8.bmp,2,1,3965
5012,75,9,1,2,image/9.bmp,2,1,2401
5012,75,10,1,2,image/10.bmp,2,1,1746
5012,75,11,1,2,image/11.bmp,2,1,2589
5012,75,12,1,2,image/12.bmp,2,1,2216
5012,75,13,1,2,image/13.bmp,2,1,2129
5012,75,14,1,2,image/14.bmp,2,0,4664
5012,75,15,1,2,image/15.bmp,2,0,4426
5012,75,16,1,2,image/16.bmp,2,1,1924
5012,75,17,1,2,image/17.bmp,2,0,7304
5012,75,18,1,2,image/18.bmp,2,0,8498
5012,75,19,1,2,image/19.bmp,2,1,3010
5012,75,20,1,2,image/20.bmp,2,0,3502
5012,75,21,1,2,image/21.bmp,2,1,4132
5012,75,22,1,2,image/22.bmp,2,0,6160
5012,75,23,1,2,image/23.bmp,2,1,2756
5012,75,24,1,2,image/24.bmp,2,1,4398
5012,75,25,1,2,image/25.bmp,2,0,12650
5012,75,26,1,2,image/26.bmp,2,0,11578
5012,75,27,1,2,image/27.bmp,2,0,4388
5012,75,28,1,2,image/28.bmp,2,1,19169
5012,75,29,1,2,image/29.bmp,2,0,3250
5012,75,30,1,2,image/30.bmp,2,1,2220
5013,78,1,1,2,image/1.bmp,2,1,3296
5013,78,2,1,2,image/2.bmp,2,1,3882
5013,78,3,1,2,image/3.bmp,2,1,1579
5013,78,4,1,2,image/4.bmp,2,1,3274
5013,78,5,1,2,image/5.bmp,2,1,4975
5013,78,6,1,2,image/6.bmp,2,1,3065
5013,78,7,1,2,image/7.bmp,2,0,7497
5013,78,8,1,2,image/8.bmp,2,1,2578
5013,78,9,1,2,image/9.bmp,2,1,2151
5013,78,10,1,2,image/10.bmp,2,1,1638
5013,78,11,1,2,image/11.bmp,2,1,5542
5013,78,12,1,2,image/12.bmp,2,0,11873
5013,78,13,1,2,image/13.bmp,2,0,0
5013,78,14,1,2,image/14.bmp,2,0,0
5013,78,15,1,2,image/15.bmp,2,0,15330
5013,78,16,1,2,image/16.bmp,2,0,8278
5013,78,17,1,2,image/17.bmp,2,0,16390
5013,78,18,1,2,image/18.bmp,2,0,5766
5013,78,19,1,2,image/19.bmp,2,1,6651
5013,78,20,1,2,image/20.bmp,2,0,0
5013,78,21,1,2,image/21.bmp,2,0,0
5013,78,22,1,2,image/22.bmp,2,0,11640
5013,78,23,1,2,image/23.bmp,2,0,0
5013,78,24,1,2,image/24.bmp,2,0,0
5013,78,25,1,2,image/25.bmp,2,0,0
5013,78,26,1,2,image/26.bmp,2,0,16160
5013,78,27,1,2,image/27.bmp,2,1,5382
5013,78,28,1,2,image/28.bmp,2,1,7461
5013,78,29,1,2,image/29.bmp,2,0,0
5013,78,30,1,2,image/30.bmp,2,1,3368
5014,76,1,1,2,image/1.bmp,2,1,2959
5014,76,2,1,2,image/2.bmp,2,1,2086
5014,76,3,1,2,image/3.bmp,2,1,1526
5014,76,4,1,2,image/4.bmp,2,1,3475
5014,76,5,1,2,image/5.bmp,2,1,2332
5014,76,6,1,2,image/6.bmp,2,1,2476
5014,76,7,1,2,image/7.bmp,2,1,1835
5014,76,8,1,2,image/8.bmp,2,1,2774
5014,76,9,1,2,image/9.bmp,2,1,3319
5014,76,10,1,2,image/10.bmp,2,1,1828
5014,76,11,1,2,image/11.bmp,2,1,4452
5014,76,12,1,2,image/12.bmp,2,1,3152
5014,76,13,1,2,image/13.bmp,2,0,9416
5014,76,14,1,2,image/14.bmp,2,0,0
5014,76,15,1,2,image/15.bmp,2,0,11617
5014,76,16,1,2,image/16.bmp,2,0,11990
5014,76,17,1,2,image/17.bmp,2,0,3788
5014,76,18,1,2,image/18.bmp,2,0,9258
5014,76,19,1,2,image/19.bmp,2,1,6843
5014,76,20,1,2,image/20.bmp,2,0,12855
5014,76,21,1,2,image/21.bmp,2,0,16188
5014,76,22,1,2,image/22.bmp,2,0,6410
5014,76,23,1,2,image/23.bmp,2,0,10728
5014,76,24,1,2,image/24.bmp,2,0,16874
5014,76,25,1,2,image/25.bmp,2,0,8991
5014,76,26,1,2,image/26.bmp,2,0,18263
5014,76,27,1,2,image/27.bmp,2,0,8847
5014,76,28,1,2,image/28.bmp,2,1,10838
5014,76,29,1,2,image/29.bmp,2,0,9748
5014,76,30,1,2,image/30.bmp,2,1,1897
6001,74,1,1,2,image/1.bmp,1,1,8155
6001,74,2,1,2,image/2.bmp,1,1,3475
6001,74,3,1,2,image/3.bmp,1,1,1927
6001,74,4,1,2,image/4.bmp,1,1,2488
6001,74,5,1,2,image/5.bmp,1,1,1921
6001,74,6,1,2,image/6.bmp,1,1,10082
6001,74,7,1,2,image/7.bmp,1,1,3957
6001,74,8,1,2,image/8.bmp,1,1,3355
6001,74,9,1,2,image/9.bmp,1,0,7535
6001,74,10,1,2,image/10.bmp,1,1,2604
6001,74,11,1,2,image/11.bmp,1,1,2006
6001,74,12,1,2,image/12.bmp,1,1,3861
6001,74,13,1,2,image/13.bmp,1,0,0
6001,74,14,1,2,image/14.bmp,1,1,16079
6001,74,15,1,2,image/15.bmp,1,1,12152
6001,74,16,1,2,image/16.bmp,1,1,2214
6001,74,17,1,2,image/17.bmp,1,0,6828
6001,74,18,1,2,image/18.bmp,1,0,0
6001,74,19,1,2,image/19.bmp,1,0,5029
6001,74,20,1,2,image/20.bmp,1,0,0
6001,74,21,1,2,image/21.bmp,1,1,4121
6001,74,22,1,2,image/22.bmp,1,0,0
6001,74,23,1,2,image/23.bmp,1,1,8517
6001,74,24,1,2,image/24.bmp,1,1,12613
6001,74,25,1,2,image/25.bmp,1,1,2376
6001,74,26,1,2,image/26.bmp,1,1,5178
6001,74,27,1,2,image/27.bmp,1,1,5817
6001,74,28,1,2,image/28.bmp,1,0,0
6001,74,29,1,2,image/29.bmp,1,0,10078
6001,74,30,1,2,image/30.bmp,1,1,3444
6002,58,1,1,2,image/1.bmp,2,1,4532
6002,58,2,1,2,image/2.bmp,2,1,1776
6002,58,3,1,2,image/3.bmp,2,1,1872
6002,58,4,1,2,image/4.bmp,2,1,3244
6002,58,5,1,2,image/5.bmp,2,1,1938
6002,58,6,1,2,image/6.bmp,2,1,1809
6002,58,7,1,2,image/7.bmp,2,1,1587
6002,58,8,1,2,image/8.bmp,2,1,2010
6002,58,9,1,2,image/9.bmp,2,0,8363
6002,58,10,1,2,image/10.bmp,2,1,1822
6002,58,11,1,2,image/11.bmp,2,1,3629
6002,58,12,1,2,image/12.bmp,2,1,1718
6002,58,13,1,2,image/13.bmp,2,1,2454
6002,58,14,1,2,image/14.bmp,2,0,6391
6002,58,15,1,2,image/15.bmp,2,1,11135
6002,58,16,1,2,image/16.bmp,2,1,2006
6002,58,17,1,2,image/17.bmp,2,0,6325
6002,58,18,1,2,image/18.bmp,2,1,4387
6002,58,19,1,2,image/19.bmp,2,0,9000
6002,58,20,1,2,image/20.bmp,2,0,0
6002,58,21,1,2,image/21.bmp,2,1,8978
6002,58,22,1,2,image/22.bmp,2,1,2673
6002,58,23,1,2,image/23.bmp,2,0,4817
6002,58,24,1,2,image/24.bmp,2,1,3973
6002,58,25,1,2,image/25.bmp,2,1,4584
6002,58,26,1,2,image/26.bmp,2,0,10535
6002,58,27,1,2,image/27.bmp,2,0,0
6002,58,28,1,2,image/28.bmp,2,1,5285
6002,58,29,1,2,image/29.bmp,2,0,0
6002,58,30,1,2,image/30.bmp,2,1,1913
6003,80,1,1,2,image/1.bmp,1,1,4038
6003,80,2,1,2,image/2.bmp,1,1,1646
6003,80,3,1,2,image/3.bmp,1,1,1622
6003,80,4,1,2,image/4.bmp,1,1,1435
6003,80,5,1,2,image/5.bmp,1,1,2116
6003,80,6,1,2,image/6.bmp,1,1,1752
6003,80,7,1,2,image/7.bmp,1,1,1837
6003,80,8,1,2,image/8.bmp,1,1,2451
6003,80,9,1,2,image/9.bmp,1,0,13972
6003,80,10,1,2,image/10.bmp,1,1,1300
6003,80,11,1,2,image/11.bmp,1,1,6026
6003,80,12,1,2,image/12.bmp,1,1,4253
6003,80,13,1,2,image/13.bmp,1,1,2705
6003,80,14,1,2,image/14.bmp,1,1,5436
6003,80,15,1,2,image/15.bmp,1,0,10460
6003,80,16,1,2,image/16.bmp,1,1,2087
6003,80,17,1,2,image/17.bmp,1,0,16609
6003,80,18,1,2,image/18.bmp,1,1,5293
6003,80,19,1,2,image/19.bmp,1,1,2777
6003,80,20,1,2,image/20.bmp,1,0,0
6003,80,21,1,2,image/21.bmp,1,1,4339
6003,80,22,1,2,image/22.bmp,1,0,0
6003,80,23,1,2,image/23.bmp,1,1,2608
6003,80,24,1,2,image/24.bmp,1,1,4657
6003,80,25,1,2,image/25.bmp,1,1,4528
6003,80,26,1,2,image/26.bmp,1,1,3060
6003,80,27,1,2,image/27.bmp,1,1,4844
6003,80,28,1,2,image/28.bmp,1,0,6966
6003,80,29,1,2,image/29.bmp,1,0,6535
6003,80,30,1,2,image/30.bmp,1,1,2993
6004,56,1,1,2,image/1.bmp,2,1,2631
6004,56,2,1,2,image/2.bmp,2,1,2519
6004,56,3,1,2,image/3.bmp,2,1,1505
6004,56,4,1,2,image/4.bmp,2,1,1355
6004,56,5,1,2,image/5.bmp,2,1,1539
6004,56,6,1,2,image/6.bmp,2,1,1339
6004,56,7,1,2,image/7.bmp,2,1,1144
6004,56,8,1,2,image/8.bmp,2,1,1237
6004,56,9,1,2,image/9.bmp,2,1,1757
6004,56,10,1,2,image/10.bmp,2,1,2663
6004,56,11,1,2,image/11.bmp,2,1,3295
6004,56,12,1,2,image/12.bmp,2,1,1745
6004,56,13,1,2,image/13.bmp,2,1,4137
6004,56,14,1,2,image/14.bmp,2,1,2491
6004,56,15,1,2,image/15.bmp,2,0,0
6004,56,16,1,2,image/16.bmp,2,1,2713
6004,56,17,1,2,image/17.bmp,2,0,5542
6004,56,18,1,2,image/18.bmp,2,1,2436
6004,56,19,1,2,image/19.bmp,2,1,3232
6004,56,20,1,2,image/20.bmp,2,1,5989
6004,56,21,1,2,image/21.bmp,2,1,3126
6004,56,22,1,2,image/22.bmp,2,1,4367
6004,56,23,1,2,image/23.bmp,2,1,2382
6004,56,24,1,2,image/24.bmp,2,1,1846
6004,56,25,1,2,image/25.bmp,2,1,1893
6004,56,26,1,2,image/26.bmp,2,0,5965
6004,56,27,1,2,image/27.bmp,2,1,7178
6004,56,28,1,2,image/28.bmp,2,1,7097
6004,56,29,1,2,image/29.bmp,2,0,16947
6004,56,30,1,2,image/30.bmp,2,1,1465
6005,60,1,1,2,image/1.bmp,2,1,3634
6005,60,2,1,2,image/2.bmp,2,1,1434
6005,60,3,1,2,image/3.bmp,2,1,1220
6005,60,4,1,2,image/4.bmp,2,1,1295
6005,60,5,1,2,image/5.bmp,2,1,1575
6005,60,6,1,2,image/6.bmp,2,0,2586
6005,60,7,1,2,image/7.bmp,2,1,1586
6005,60,8,1,2,image/8.bmp,2,1,2020
6005,60,9,1,2,image/9.bmp,2,1,4182
6005,60,10,1,2,image/10.bmp,2,1,1460
6005,60,11,1,2,image/11.bmp,2,1,3617
6005,60,12,1,2,image/12.bmp,2,1,1857
6005,60,13,1,2,image/13.bmp,2,0,2993
6005,60,14,1,2,image/14.bmp,2,0,5962
6005,60,15,1,2,image/15.bmp,2,0,7195
6005,60,16,1,2,image/16.bmp,2,1,1963
6005,60,17,1,2,image/17.bmp,2,0,11429
6005,60,18,1,2,image/18.bmp,2,1,5085
6005,60,19,1,2,image/19.bmp,2,1,4104
6005,60,20,1,2,image/20.bmp,2,0,0
6005,60,21,1,2,image/21.bmp,2,1,4962
6005,60,22,1,2,image/22.bmp,2,0,8497
6005,60,23,1,2,image/23.bmp,2,1,6748
6005,60,24,1,2,image/24.bmp,2,1,3533
6005,60,25,1,2,image/25.bmp,2,1,3214
6005,60,26,1,2,image/26.bmp,2,0,4550
6005,60,27,1,2,image/27.bmp,2,1,6252
6005,60,28,1,2,image/28.bmp,2,0,6305
6005,60,29,1,2,image/29.bmp,2,1,5521
6005,60,30,1,2,image/30.bmp,2,1,1610
6006,80,1,1,2,image/1.bmp,1,1,3760
6006,80,2,1,2,image/2.bmp,1,1,1752
6006,80,3,1,2,image/3.bmp,1,1,1398
6006,80,4,1,2,image/4.bmp,1,1,1619
6006,80,5,1,2,image/5.bmp,1,1,1388
6006,80,6,1,2,image/6.bmp,1,1,3151
6006,80,7,1,2,image/7.bmp,1,1,3188
6006,80,8,1,2,image/8.bmp,1,1,1760
6006,80,9,1,2,image/9.bmp,1,1,2114
6006,80,10,1,2,image/10.bmp,1,1,2489
6006,80,11,1,2,image/11.bmp,1,1,3671
6006,80,12,1,2,image/12.bmp,1,1,2933
6006,80,13,1,2,image/13.bmp,1,1,3998
6006,80,14,1,2,image/14.bmp,1,1,7033
6006,80,15,1,2,image/15.bmp,1,0,18251
6006,80,16,1,2,image/16.bmp,1,1,2306
6006,80,17,1,2,image/17.bmp,1,0,4031
6006,80,18,1,2,image/18.bmp,1,0,3815
6006,80,19,1,2,image/19.bmp,1,1,3698
6006,80,20,1,2,image/20.bmp,1,0,9478
6006,80,21,1,2,image/21.bmp,1,1,2161
6006,80,22,1,2,image/22.bmp,1,1,5043
6006,80,23,1,2,image/23.bmp,1,1,2386
6006,80,24,1,2,image/24.bmp,1,0,7277
6006,80,25,1,2,image/25.bmp,1,1,2437
6006,80,26,1,2,image/26.bmp,1,1,3842
6006,80,27,1,2,image/27.bmp,1,1,5350
6006,80,28,1,2,image/28.bmp,1,0,9102
6006,80,29,1,2,image/29.bmp,1,0,6462
6006,80,30,1,2,image/30.bmp,1,1,1464
6007,72,1,1,2,image/1.bmp,2,1,3552
6007,72,2,1,2,image/2.bmp,2,1,2095
6007,72,3,1,2,image/3.bmp,2,1,1469
6007,72,4,1,2,image/4.bmp,2,1,1691
6007,72,5,1,2,image/5.bmp,2,1,2217
6007,72,6,1,2,image/6.bmp,2,1,1695
6007,72,7,1,2,image/7.bmp,2,1,1364
6007,72,8,1,2,image/8.bmp,2,1,1403
6007,72,9,1,2,image/9.bmp,2,1,4322
6007,72,10,1,2,image/10.bmp,2,1,1820
6007,72,11,1,2,image/11.bmp,2,0,4891
6007,72,12,1,2,image/12.bmp,2,0,5123
6007,72,13,1,2,image/13.bmp,2,1,5007
6007,72,14,1,2,image/14.bmp,2,0,0
6007,72,15,1,2,image/15.bmp,2,1,8260
6007,72,16,1,2,image/16.bmp,2,1,4387
6007,72,17,1,2,image/17.bmp,2,0,0
6007,72,18,1,2,image/18.bmp,2,1,16311
6007,72,19,1,2,image/19.bmp,2,1,7588
6007,72,20,1,2,image/20.bmp,2,0,7317
6007,72,21,1,2,image/21.bmp,2,1,13835
6007,72,22,1,2,image/22.bmp,2,0,0
6007,72,23,1,2,image/23.bmp,2,1,7311
6007,72,24,1,2,image/24.bmp,2,1,3086
6007,72,25,1,2,image/25.bmp,2,1,4516
6007,72,26,1,2,image/26.bmp,2,0,7546
6007,72,27,1,2,image/27.bmp,2,0,18746
6007,72,28,1,2,image/28.bmp,2,1,13563
6007,72,29,1,2,image/29.bmp,2,0,13138
6007,72,30,1,2,image/30.bmp,2,1,3189
6008,78,1,1,2,image/1.bmp,2,1,4242
6008,78,2,1,2,image/2.bmp,2,1,2044
6008,78,3,1,2,image/3.bmp,2,1,1893
6008,78,4,1,2,image/4.bmp,2,1,1809
6008,78,5,1,2,image/5.bmp,2,1,3078
6008,78,6,1,2,image/6.bmp,2,0,11772
6008,78,7,1,2,image/7.bmp,2,1,2367
6008,78,8,1,2,image/8.bmp,2,0,7535
6008,78,9,1,2,image/9.bmp,2,1,2527
6008,78,10,1,2,image/10.bmp,2,1,2111
6008,78,11,1,2,image/11.bmp,2,1,2921
6008,78,12,1,2,image/12.bmp,2,1,4713
6008,78,13,1,2,image/13.bmp,2,0,9924
6008,78,14,1,2,image/14.bmp,2,1,4879
6008,78,15,1,2,image/15.bmp,2,0,15867
6008,78,16,1,2,image/16.bmp,2,1,3956
6008,78,17,1,2,image/17.bmp,2,0,11800
6008,78,18,1,2,image/18.bmp,2,0,5508
6008,78,19,1,2,image/19.bmp,2,1,5205
6008,78,20,1,2,image/20.bmp,2,0,8668
6008,78,21,1,2,image/21.bmp,2,0,0
6008,78,22,1,2,image/22.bmp,2,0,5454
6008,78,23,1,2,image/23.bmp,2,1,3269
6008,78,24,1,2,image/24.bmp,2,1,2903
6008,78,25,1,2,image/25.bmp,2,0,11193
6008,78,26,1,2,image/26.bmp,2,0,9505
6008,78,27,1,2,image/27.bmp,2,0,15716
6008,78,28,1,2,image/28.bmp,2,1,11404
6008,78,29,1,2,image/29.bmp,2,0,9620
6008,78,30,1,2,image/30.bmp,2,1,2489
6009,78,1,1,2,image/1.bmp,1,1,3823
6009,78,2,1,2,image/2.bmp,1,0,3451
6009,78,3,1,2,image/3.bmp,1,1,1753
6009,78,4,1,2,image/4.bmp,1,1,3619
6009,78,5,1,2,image/5.bmp,1,1,2813
6009,78,6,1,2,image/6.bmp,1,1,1560
6009,78,7,1,2,image/7.bmp,1,1,1508
6009,78,8,1,2,image/8.bmp,1,1,2638
6009,78,9,1,2,image/9.bmp,1,1,2126
6009,78,10,1,2,image/10.bmp,1,1,1922
6009,78,11,1,2,image/11.bmp,1,1,3647
6009,78,12,1,2,image/12.bmp,1,1,2666
6009,78,13,1,2,image/13.bmp,1,0,9252
6009,78,14,1,2,image/14.bmp,1,1,3359
6009,78,15,1,2,image/15.bmp,1,1,9566
6009,78,16,1,2,image/16.bmp,1,0,3871
6009,78,17,1,2,image/17.bmp,1,1,7099
6009,78,18,1,2,image/18.bmp,1,0,5676
6009,78,19,1,2,image/19.bmp,1,1,3006
6009,78,20,1,2,image/20.bmp,1,0,5569
6009,78,21,1,2,image/21.bmp,1,1,4237
6009,78,22,1,2,image/22.bmp,1,1,3800
6009,78,23,1,2,image/23.bmp,1,1,1462
6009,78,24,1,2,image/24.bmp,1,1,2540
6009,78,25,1,2,image/25.bmp,1,1,2416
6009,78,26,1,2,image/26.bmp,1,1,5479
6009,78,27,1,2,image/27.bmp,1,1,5546
6009,78,28,1,2,image/28.bmp,1,0,7520
6009,78,29,1,2,image/29.bmp,1,0,3198
6009,78,30,1,2,image/30.bmp,1,1,2811
6011,71,1,1,2,image/1.bmp,2,1,7614
6011,71,2,1,2,image/2.bmp,2,1,1799
6011,71,3,1,2,image/3.bmp,2,1,1511
6011,71,4,1,2,image/4.bmp,2,1,1600
6011,71,5,1,2,image/5.bmp,2,0,15781
6011,71,6,1,2,image/6.bmp,2,1,10011
6011,71,7,1,2,image/7.bmp,2,1,1441
6011,71,8,1,2,image/8.bmp,2,1,1667
6011,71,9,1,2,image/9.bmp,2,1,2026
6011,71,10,1,2,image/10.bmp,2,1,2424
6011,71,11,1,2,image/11.bmp,2,1,2370
6011,71,12,1,2,image/12.bmp,2,1,14925
6011,71,13,1,2,image/13.bmp,2,0,5214
6011,71,14,1,2,image/14.bmp,2,0,0
6011,71,15,1,2,image/15.bmp,2,1,12348
6011,71,16,1,2,image/16.bmp,2,1,3458
6011,71,17,1,2,image/17.bmp,2,0,0
6011,71,18,1,2,image/18.bmp,2,0,0
6011,71,19,1,2,image/19.bmp,2,1,10181
6011,71,20,1,2,image/20.bmp,2,0,14142
6011,71,21,1,2,image/21.bmp,2,1,7308
6011,71,22,1,2,image/22.bmp,2,0,13154
6011,71,23,1,2,image/23.bmp,2,1,2062
6011,71,24,1,2,image/24.bmp,2,1,11247
6011,71,25,1,2,image/25.bmp,2,1,6280
6011,71,26,1,2,image/26.bmp,2,1,12201
6011,71,27,1,2,image/27.bmp,2,1,6986
6011,71,28,1,2,image/28.bmp,2,0,0
6011,71,29,1,2,image/29.bmp,2,0,4109
6011,71,30,1,2,image/30.bmp,2,1,1905
6012,71,1,1,2,image/1.bmp,2,1,2838
6012,71,2,1,2,image/2.bmp,2,1,3315
6012,71,3,1,2,image/3.bmp,2,1,1481
6012,71,4,1,2,image/4.bmp,2,1,1606
6012,71,5,1,2,image/5.bmp,2,1,11962
6012,71,6,1,2,image/6.bmp,2,1,2705
6012,71,7,1,2,image/7.bmp,2,1,2159
6012,71,8,1,2,image/8.bmp,2,1,2014
6012,71,9,1,2,image/9.bmp,2,1,3060
6012,71,10,1,2,image/10.bmp,2,1,1000
6012,71,11,1,2,image/11.bmp,2,1,1722
6012,71,12,1,2,image/12.bmp,2,1,9125
6012,71,13,1,2,image/13.bmp,2,1,2586
6012,71,14,1,2,image/14.bmp,2,0,13255
6012,71,15,1,2,image/15.bmp,2,1,4570
6012,71,16,1,2,image/16.bmp,2,1,1694
6012,71,17,1,2,image/17.bmp,2,0,4791
6012,71,18,1,2,image/18.bmp,2,1,8977
6012,71,19,1,2,image/19.bmp,2,1,14662
6012,71,20,1,2,image/20.bmp,2,1,12947
6012,71,21,1,2,image/21.bmp,2,1,4742
6012,71,22,1,2,image/22.bmp,2,0,5377
6012,71,23,1,2,image/23.bmp,2,1,2772
6012,71,24,1,2,image/24.bmp,2,1,1693
6012,71,25,1,2,image/25.bmp,2,0,7531
6012,71,26,1,2,image/26.bmp,2,1,3753
6012,71,27,1,2,image/27.bmp,2,1,4853
6012,71,28,1,2,image/28.bmp,2,1,4687
6012,71,29,1,2,image/29.bmp,2,0,0
6012,71,30,1,2,image/30.bmp,2,1,3700
6013,78,1,1,2,image/1.bmp,2,1,3213
6013,78,2,1,2,image/2.bmp,2,1,4177
6013,78,3,1,2,image/3.bmp,2,1,2148
6013,78,4,1,2,image/4.bmp,2,1,2134
6013,78,5,1,2,image/5.bmp,2,1,3422
6013,78,6,1,2,image/6.bmp,2,0,7689
6013,78,7,1,2,image/7.bmp,2,0,16688
6013,78,8,1,2,image/8.bmp,2,1,2426
6013,78,9,1,2,image/9.bmp,2,1,3688
6013,78,10,1,2,image/10.bmp,2,1,2632
6013,78,11,1,2,image/11.bmp,2,1,4811
6013,78,12,1,2,image/12.bmp,2,1,4966
6013,78,13,1,2,image/13.bmp,2,0,9356
6013,78,14,1,2,image/14.bmp,2,0,10050
6013,78,15,1,2,image/15.bmp,2,0,8975
6013,78,16,1,2,image/16.bmp,2,0,8614
6013,78,17,1,2,image/17.bmp,2,0,8895
6013,78,18,1,2,image/18.bmp,2,1,8906
6013,78,19,1,2,image/19.bmp,2,1,5414
6013,78,20,1,2,image/20.bmp,2,0,7080
6013,78,21,1,2,image/21.bmp,2,0,12302
6013,78,22,1,2,image/22.bmp,2,0,5434
6013,78,23,1,2,image/23.bmp,2,1,11989
6013,78,24,1,2,image/24.bmp,2,0,13235
6013,78,25,1,2,image/25.bmp,2,0,12044
6013,78,26,1,2,image/26.bmp,2,0,5430
6013,78,27,1,2,image/27.bmp,2,1,9895
6013,78,28,1,2,image/28.bmp,2,0,10245
6013,78,29,1,2,image/29.bmp,2,0,9004
6013,78,30,1,2,image/30.bmp,2,1,2853
6014,72,1,1,2,image/1.bmp,2,1,5703
6014,72,2,1,2,image/2.bmp,2,0,7769
6014,72,3,1,2,image/3.bmp,2,1,12087
6014,72,4,1,2,image/4.bmp,2,1,4308
6014,72,5,1,2,image/5.bmp,2,0,10093
6014,72,6,1,2,image/6.bmp,2,0,5599
6014,72,7,1,2,image/7.bmp,2,1,9703
6014,72,8,1,2,image/8.bmp,2,1,5814
6014,72,9,1,2,image/9.bmp,2,1,4746
6014,72,10,1,2,image/10.bmp,2,1,2676
6014,72,11,1,2,image/11.bmp,2,1,1953
6014,72,12,1,2,image/12.bmp,2,0,8354
6014,72,13,1,2,image/13.bmp,2,0,4520
6014,72,14,1,2,image/14.bmp,2,0,7575
6014,72,15,1,2,image/15.bmp,2,0,18986
6014,72,16,1,2,image/16.bmp,2,0,3727
6014,72,17,1,2,image/17.bmp,2,0,8328
6014,72,18,1,2,image/18.bmp,2,0,14600
6014,72,19,1,2,image/19.bmp,2,0,7541
6014,72,20,1,2,image/20.bmp,2,1,4113
6014,72,21,1,2,image/21.bmp,2,1,11278
6014,72,22,1,2,image/22.bmp,2,0,5592
6014,72,23,1,2,image/23.bmp,2,1,8845
6014,72,24,1,2,image/24.bmp,2,0,6271
6014,72,25,1,2,image/25.bmp,2,1,16285
6014,72,26,1,2,image/26.bmp,2,0,1992
6014,72,27,1,2,image/27.bmp,2,1,15794
6014,72,28,1,2,image/28.bmp,2,0,8892
6014,72,29,1,2,image/29.bmp,2,0,13576
6014,72,30,1,2,image/30.bmp,2,1,2883
6015,72,1,1,2,image/1.bmp,1,1,1393
6015,72,2,1,2,image/2.bmp,1,0,6434
6015,72,3,1,2,image/3.bmp,1,1,1464
6015,72,4,1,2,image/4.bmp,1,1,1235
6015,72,5,1,2,image/5.bmp,1,1,1451
6015,72,6,1,2,image/6.bmp,1,1,2927
6015,72,7,1,2,image/7.bmp,1,0,12015
6015,72,8,1,2,image/8.bmp,1,1,2093
6015,72,9,1,2,image/9.bmp,1,1,2315
6015,72,10,1,2,image/10.bmp,1,1,1494
6015,72,11,1,2,image/11.bmp,1,1,4534
6015,72,12,1,2,image/12.bmp,1,1,2402
6015,72,13,1,2,image/13.bmp,1,0,6694
6015,72,14,1,2,image/14.bmp,1,0,12608
6015,72,15,1,2,image/15.bmp,1,0,12851
6015,72,16,1,2,image/16.bmp,1,1,3881
6015,72,17,1,2,image/17.bmp,1,0,3954
6015,72,18,1,2,image/18.bmp,1,0,9526
6015,72,19,1,2,image/19.bmp,1,1,5538
6015,72,20,1,2,image/20.bmp,1,0,2686
6015,72,21,1,2,image/21.bmp,1,1,2797
6015,72,22,1,2,image/22.bmp,1,0,8809
6015,72,23,1,2,image/23.bmp,1,1,2540
6015,72,24,1,2,image/24.bmp,1,0,9850
6015,72,25,1,2,image/25.bmp,1,1,1585
6015,72,26,1,2,image/26.bmp,1,1,3567
6015,72,27,1,2,image/27.bmp,1,1,2910
6015,72,28,1,2,image/28.bmp,1,0,7340
6015,72,29,1,2,image/29.bmp,1,0,6732
6015,72,30,1,2,image/30.bmp,1,1,1453
6016,70,1,1,2,image/1.bmp,2,1,4010
6016,70,2,1,2,image/2.bmp,2,0,7128
6016,70,3,1,2,image/3.bmp,2,1,1430
6016,70,4,1,2,image/4.bmp,2,1,1671
6016,70,5,1,2,image/5.bmp,2,1,2764
6016,70,6,1,2,image/6.bmp,2,1,1493
6016,70,7,1,2,image/7.bmp,2,1,1579
6016,70,8,1,2,image/8.bmp,2,1,2075
6016,70,9,1,2,image/9.bmp,2,1,2075
6016,70,10,1,2,image/10.bmp,2,1,1460
6016,70,11,1,2,image/11.bmp,2,1,2697
6016,70,12,1,2,image/12.bmp,2,1,3755
6016,70,13,1,2,image/13.bmp,2,1,2805
6016,70,14,1,2,image/14.bmp,2,0,8095
6016,70,15,1,2,image/15.bmp,2,1,4714
6016,70,16,1,2,image/16.bmp,2,1,1647
6016,70,17,1,2,image/17.bmp,2,0,4557
6016,70,18,1,2,image/18.bmp,2,0,14129
6016,70,19,1,2,image/19.bmp,2,0,11542
6016,70,20,1,2,image/20.bmp,2,0,6545
6016,70,21,1,2,image/21.bmp,2,1,4526
6016,70,22,1,2,image/22.bmp,2,0,4868
6016,70,23,1,2,image/23.bmp,2,1,2230
6016,70,24,1,2,image/24.bmp,2,1,2276
6016,70,25,1,2,image/25.bmp,2,1,3944
6016,70,26,1,2,image/26.bmp,2,0,13393
6016,70,27,1,2,image/27.bmp,2,0,9568
6016,70,28,1,2,image/28.bmp,2,0,9484
6016,70,29,1,2,image/29.bmp,2,0,4379
6016,70,30,1,2,image/30.bmp,2,1,1663
6017,56,1,1,2,image/1.bmp,2,1,2225
6017,56,2,1,2,image/2.bmp,2,1,1788
6017,56,3,1,2,image/3.bmp,2,1,1457
6017,56,4,1,2,image/4.bmp,2,1,2010
6017,56,5,1,2,image/5.bmp,2,1,2081
6017,56,6,1,2,image/6.bmp,2,1,2763
6017,56,7,1,2,image/7.bmp,2,1,5081
6017,56,8,1,2,image/8.bmp,2,1,2451
6017,56,9,1,2,image/9.bmp,2,1,1795
6017,56,10,1,2,image/10.bmp,2,1,1355
6017,56,11,1,2,image/11.bmp,2,0,7295
6017,56,12,1,2,image/12.bmp,2,0,14584
6017,56,13,1,2,image/13.bmp,2,0,10668
6017,56,14,1,2,image/14.bmp,2,0,6395
6017,56,15,1,2,image/15.bmp,2,0,10667
6017,56,16,1,2,image/16.bmp,2,0,5249
6017,56,17,1,2,image/17.bmp,2,0,4193
6017,56,18,1,2,image/18.bmp,2,1,4601
6017,56,19,1,2,image/19.bmp,2,1,7563
6017,56,20,1,2,image/20.bmp,2,0,15476
6017,56,21,1,2,image/21.bmp,2,1,9705
6017,56,22,1,2,image/22.bmp,2,0,7632
6017,56,23,1,2,image/23.bmp,2,0,10996
6017,56,24,1,2,image/24.bmp,2,0,3999
6017,56,25,1,2,image/25.bmp,2,1,8207
6017,56,26,1,2,image/26.bmp,2,0,11475
6017,56,27,1,2,image/27.bmp,2,1,6727
6017,56,28,1,2,image/28.bmp,2,0,9689
6017,56,29,1,2,image/29.bmp,2,1,4738
6017,56,30,1,2,image/30.bmp,2,1,1957
7001,74,1,1,2,image/1.bmp,2,1,3994
7001,74,2,1,2,image/2.bmp,2,0,10976
7001,74,3,1,2,image/3.bmp,2,1,3059
7001,74,4,1,2,image/4.bmp,2,1,2874
7001,74,5,1,2,image/5.bmp,2,1,4802
7001,74,6,1,2,image/6.bmp,2,1,2740
7001,74,7,1,2,image/7.bmp,2,0,18944
7001,74,8,1,2,image/8.bmp,2,1,4067
7001,74,9,1,2,image/9.bmp,2,1,5332
7001,74,10,1,2,image/10.bmp,2,1,2544
7001,74,11,1,2,image/11.bmp,2,1,8424
7001,74,12,1,2,image/12.bmp,2,0,0
7001,74,13,1,2,image/13.bmp,2,0,6665
7001,74,14,1,2,image/14.bmp,2,0,0
7001,74,15,1,2,image/15.bmp,2,0,8255
7001,74,16,1,2,image/16.bmp,2,1,11143
7001,74,17,1,2,image/17.bmp,2,1,3488
7001,74,18,1,2,image/18.bmp,2,0,10520
7001,74,19,1,2,image/19.bmp,2,1,6617
7001,74,20,1,2,image/20.bmp,2,0,10044
7001,74,21,1,2,image/21.bmp,2,1,5841
7001,74,22,1,2,image/22.bmp,2,0,7508
7001,74,23,1,2,image/23.bmp,2,1,5519
7001,74,24,1,2,image/24.bmp,2,1,3615
7001,74,25,1,2,image/25.bmp,2,1,7350
7001,74,26,1,2,image/26.bmp,2,1,16610
7001,74,27,1,2,image/27.bmp,2,0,11488
7001,74,28,1,2,image/28.bmp,2,0,12856
7001,74,29,1,2,image/29.bmp,2,1,5273
7001,74,30,1,2,image/30.bmp,2,1,4216
7002,77,1,1,1,image/1.bmp,2,1,2335
7002,77,2,1,1,image/2.bmp,2,1,5740
7002,77,3,1,1,image/3.bmp,2,1,1642
7002,77,4,1,1,image/4.bmp,2,1,1883
7002,77,5,1,1,image/5.bmp,2,1,1727
7002,77,6,1,1,image/6.bmp,2,1,1343
7002,77,7,1,1,image/7.bmp,2,1,1681
7002,77,8,1,1,image/8.bmp,2,1,1715
7002,77,9,1,1,image/9.bmp,2,1,4673
7002,77,10,1,1,image/10.bmp,2,1,1359
7002,77,11,1,1,image/11.bmp,2,1,5162
7002,77,12,1,1,image/12.bmp,2,1,3335
7002,77,13,1,1,image/13.bmp,2,1,3512
7002,77,14,1,1,image/14.bmp,2,1,7777
7002,77,15,1,1,image/15.bmp,2,0,7205
7002,77,16,1,1,image/16.bmp,2,1,1622
7002,77,17,1,1,image/17.bmp,2,0,0
7002,77,18,1,1,image/18.bmp,2,0,11171
7002,77,19,1,1,image/19.bmp,2,1,3353
7002,77,20,1,1,image/20.bmp,2,0,7896
7002,77,21,1,1,image/21.bmp,2,1,5144
7002,77,22,1,1,image/22.bmp,2,0,10126
7002,77,23,1,1,image/23.bmp,2,1,2514
7002,77,24,1,1,image/24.bmp,2,1,2450
7002,77,25,1,1,image/25.bmp,2,1,2207
7002,77,26,1,1,image/26.bmp,2,1,2119
7002,77,27,1,1,image/27.bmp,2,1,9416
7002,77,28,1,1,image/28.bmp,2,0,10900
7002,77,29,1,1,image/29.bmp,2,1,3047
7002,77,30,1,1,image/30.bmp,2,1,1652
7003,69,1,1,2,image/1.bmp,2,0,0
7003,69,2,1,2,image/2.bmp,2,1,4979
7003,69,3,1,2,image/3.bmp,2,1,2240
7003,69,4,1,2,image/4.bmp,2,1,1592
7003,69,5,1,2,image/5.bmp,2,1,2545
7003,69,6,1,2,image/6.bmp,2,1,3156
7003,69,7,1,2,image/7.bmp,2,1,2003
7003,69,8,1,2,image/8.bmp,2,1,1992
7003,69,9,1,2,image/9.bmp,2,1,11176
7003,69,10,1,2,image/10.bmp,2,1,2071
7003,69,11,1,2,image/11.bmp,2,1,2883
7003,69,12,1,2,image/12.bmp,2,1,2746
7003,69,13,1,2,image/13.bmp,2,0,4450
7003,69,14,1,2,image/14.bmp,2,1,12764
7003,69,15,1,2,image/15.bmp,2,0,7849
7003,69,16,1,2,image/16.bmp,2,1,7050
7003,69,17,1,2,image/17.bmp,2,1,9056
7003,69,18,1,2,image/18.bmp,2,0,7907
7003,69,19,1,2,image/19.bmp,2,1,4496
7003,69,20,1,2,image/20.bmp,2,0,10439
7003,69,21,1,2,image/21.bmp,2,1,5783
7003,69,22,1,2,image/22.bmp,2,0,0
7003,69,23,1,2,image/23.bmp,2,1,3938
7003,69,24,1,2,image/24.bmp,2,1,9008
7003,69,25,1,2,image/25.bmp,2,1,5453
7003,69,26,1,2,image/26.bmp,2,1,9167
7003,69,27,1,2,image/27.bmp,2,1,6279
7003,69,28,1,2,image/28.bmp,2,0,10782
7003,69,29,1,2,image/29.bmp,2,1,12662
7003,69,30,1,2,image/30.bmp,2,1,2113
7004,79,1,1,2,image/1.bmp,1,1,9667
7004,79,2,1,2,image/2.bmp,1,1,2239
7004,79,3,1,2,image/3.bmp,1,1,2741
7004,79,4,1,2,image/4.bmp,1,1,3624
7004,79,5,1,2,image/5.bmp,1,1,1779
7004,79,6,1,2,image/6.bmp,1,1,2742
7004,79,7,1,2,image/7.bmp,1,1,3147
7004,79,8,1,2,image/8.bmp,1,1,2613
7004,79,9,1,2,image/9.bmp,1,1,3194
7004,79,10,1,2,image/10.bmp,1,1,8420
7004,79,11,1,2,image/11.bmp,1,1,4633
7004,79,12,1,2,image/12.bmp,1,1,5432
7004,79,13,1,2,image/13.bmp,1,1,2526
7004,79,14,1,2,image/14.bmp,1,1,6127
7004,79,15,1,2,image/15.bmp,1,1,4863
7004,79,16,1,2,image/16.bmp,1,1,4887
7004,79,17,1,2,image/17.bmp,1,1,3390
7004,79,18,1,2,image/18.bmp,1,0,15473
7004,79,19,1,2,image/19.bmp,1,1,2869
7004,79,20,1,2,image/20.bmp,1,0,8476
7004,79,21,1,2,image/21.bmp,1,1,17025
7004,79,22,1,2,image/22.bmp,1,0,0
7004,79,23,1,2,image/23.bmp,1,1,5717
7004,79,24,1,2,image/24.bmp,1,0,0
7004,79,25,1,2,image/25.bmp,1,1,3861
7004,79,26,1,2,image/26.bmp,1,1,8661
7004,79,27,1,2,image/27.bmp,1,1,3500
7004,79,28,1,2,image/28.bmp,1,0,0
7004,79,29,1,2,image/29.bmp,1,1,17415
7004,79,30,1,2,image/30.bmp,1,1,1525
7006,82,1,1,2,image/1.bmp,2,1,3048
7006,82,2,1,2,image/2.bmp,2,0,4691
7006,82,3,1,2,image/3.bmp,2,1,1661
7006,82,4,1,2,image/4.bmp,2,1,2010
7006,82,5,1,2,image/5.bmp,2,0,10435
7006,82,6,1,2,image/6.bmp,2,1,2129
7006,82,7,1,2,image/7.bmp,2,1,1650
7006,82,8,1,2,image/8.bmp,2,1,2335
7006,82,9,1,2,image/9.bmp,2,1,1738
7006,82,10,1,2,image/10.bmp,2,1,1728
7006,82,11,1,2,image/11.bmp,2,1,3531
7006,82,12,1,2,image/12.bmp,2,1,2146
7006,82,13,1,2,image/13.bmp,2,0,8763
7006,82,14,1,2,image/14.bmp,2,0,5164
7006,82,15,1,2,image/15.bmp,2,0,5899
7006,82,16,1,2,image/16.bmp,2,1,3186
7006,82,17,1,2,image/17.bmp,2,0,7339
7006,82,18,1,2,image/18.bmp,2,0,11021
7006,82,19,1,2,image/19.bmp,2,0,14574
7006,82,20,1,2,image/20.bmp,2,0,7537
7006,82,21,1,2,image/21.bmp,2,1,6089
7006,82,22,1,2,image/22.bmp,2,0,10289
7006,82,23,1,2,image/23.bmp,2,1,2715
7006,82,24,1,2,image/24.bmp,2,1,4494
7006,82,25,1,2,image/25.bmp,2,1,3740
7006,82,26,1,2,image/26.bmp,2,1,3349
7006,82,27,1,2,image/27.bmp,2,1,5915
7006,82,28,1,2,image/28.bmp,2,0,10661
7006,82,29,1,2,image/29.bmp,2,1,2472
7006,82,30,1,2,image/30.bmp,2,1,2102
7007,70,1,1,1,image/1.bmp,2,1,3960
7007,70,2,1,1,image/2.bmp,2,1,1539
7007,70,3,1,1,image/3.bmp,2,1,1335
7007,70,4,1,1,image/4.bmp,2,1,1426
7007,70,5,1,1,image/5.bmp,2,1,1528
7007,70,6,1,1,image/6.bmp,2,1,1496
7007,70,7,1,1,image/7.bmp,2,1,1410
7007,70,8,1,1,image/8.bmp,2,1,2345
7007,70,9,1,1,image/9.bmp,2,1,2189
7007,70,10,1,1,image/10.bmp,2,1,1452
7007,70,11,1,1,image/11.bmp,2,1,2391
7007,70,12,1,1,image/12.bmp,2,1,1698
7007,70,13,1,1,image/13.bmp,2,0,2170
7007,70,14,1,1,image/14.bmp,2,0,4374
7007,70,15,1,1,image/15.bmp,2,1,6097
7007,70,16,1,1,image/16.bmp,2,1,3746
7007,70,17,1,1,image/17.bmp,2,0,7226
7007,70,18,1,1,image/18.bmp,2,1,2575
7007,70,19,1,1,image/19.bmp,2,1,2342
7007,70,20,1,1,image/20.bmp,2,1,4013
7007,70,21,1,1,image/21.bmp,2,1,3556
7007,70,22,1,1,image/22.bmp,2,1,3184
7007,70,23,1,1,image/23.bmp,2,0,3130
7007,70,24,1,1,image/24.bmp,2,1,2238
7007,70,25,1,1,image/25.bmp,2,1,3539
7007,70,26,1,1,image/26.bmp,2,0,4567
7007,70,27,1,1,image/27.bmp,2,1,2915
7007,70,28,1,1,image/28.bmp,2,0,7684
7007,70,29,1,1,image/29.bmp,2,0,4049
7007,70,30,1,1,image/30.bmp,2,1,2860
7008,77,1,1,2,image/1.bmp,2,1,7466
7008,77,2,1,2,image/2.bmp,2,1,3481
7008,77,3,1,2,image/3.bmp,2,1,2264
7008,77,4,1,2,image/4.bmp,2,1,2323
7008,77,5,1,2,image/5.bmp,2,1,2402
7008,77,6,1,2,image/6.bmp,2,1,2886
7008,77,7,1,2,image/7.bmp,2,1,3327
7008,77,8,1,2,image/8.bmp,2,1,3295
7008,77,9,1,2,image/9.bmp,2,1,3118
7008,77,10,1,2,image/10.bmp,2,1,2321
7008,77,11,1,2,image/11.bmp,2,1,2246
7008,77,12,1,2,image/12.bmp,2,1,5449
7008,77,13,1,2,image/13.bmp,2,0,4829
7008,77,14,1,2,image/14.bmp,2,0,17281
7008,77,15,1,2,image/15.bmp,2,0,0
7008,77,16,1,2,image/16.bmp,2,1,5449
7008,77,17,1,2,image/17.bmp,2,0,7535
7008,77,18,1,2,image/18.bmp,2,0,12964
7008,77,19,1,2,image/19.bmp,2,0,4767
7008,77,20,1,2,image/20.bmp,2,1,3311
7008,77,21,1,2,image/21.bmp,2,1,3064
7008,77,22,1,2,image/22.bmp,2,1,2713
7008,77,23,1,2,image/23.bmp,2,1,2809
7008,77,24,1,2,image/24.bmp,2,1,2175
7008,77,25,1,2,image/25.bmp,2,1,1981
7008,77,26,1,2,image/26.bmp,2,0,6940
7008,77,27,1,2,image/27.bmp,2,0,5583
7008,77,28,1,2,image/28.bmp,2,1,5743
7008,77,29,1,2,image/29.bmp,2,1,2316
7008,77,30,1,2,image/30.bmp,2,1,1472
7009,81,1,1,2,image/1.bmp,1,1,5727
7009,81,2,1,2,image/2.bmp,1,1,3530
7009,81,3,1,2,image/3.bmp,1,1,2003
7009,81,4,1,2,image/4.bmp,1,1,2038
7009,81,5,1,2,image/5.bmp,1,1,2257
7009,81,6,1,2,image/6.bmp,1,1,2262
7009,81,7,1,2,image/7.bmp,1,1,1858
7009,81,8,1,2,image/8.bmp,1,1,1412
7009,81,9,1,2,image/9.bmp,1,1,2177
7009,81,10,1,2,image/10.bmp,1,1,1884
7009,81,11,1,2,image/11.bmp,1,1,7089
7009,81,12,1,2,image/12.bmp,1,1,2572
7009,81,13,1,2,image/13.bmp,1,1,2806
7009,81,14,1,2,image/14.bmp,1,1,11190
7009,81,15,1,2,image/15.bmp,1,1,5804
7009,81,16,1,2,image/16.bmp,1,1,2314
7009,81,17,1,2,image/17.bmp,1,1,8217
7009,81,18,1,2,image/18.bmp,1,0,19359
7009,81,19,1,2,image/19.bmp,1,1,3465
7009,81,20,1,2,image/20.bmp,1,1,8513
7009,81,21,1,2,image/21.bmp,1,1,3840
7009,81,22,1,2,image/22.bmp,1,1,6585
7009,81,23,1,2,image/23.bmp,1,1,2100
7009,81,24,1,2,image/24.bmp,1,1,3552
7009,81,25,1,2,image/25.bmp,1,0,0
7009,81,26,1,2,image/26.bmp,1,1,7111
7009,81,27,1,2,image/27.bmp,1,1,4440
7009,81,28,1,2,image/28.bmp,1,1,7215
7009,81,29,1,2,image/29.bmp,1,1,4361
7009,81,30,1,2,image/30.bmp,1,1,2701
7010,75,1,1,2,image/1.bmp,2,1,9204
7010,75,2,1,2,image/2.bmp,2,1,2647
7010,75,3,1,2,image/3.bmp,2,1,1947
7010,75,4,1,2,image/4.bmp,2,1,2546
7010,75,5,1,2,image/5.bmp,2,1,2533
7010,75,6,1,2,image/6.bmp,2,1,2643
7010,75,7,1,2,image/7.bmp,2,0,9888
7010,75,8,1,2,image/8.bmp,2,1,2318
7010,75,9,1,2,image/9.bmp,2,1,6872
7010,75,10,1,2,image/10.bmp,2,1,1623
7010,75,11,1,2,image/11.bmp,2,1,2689
7010,75,12,1,2,image/12.bmp,2,1,2619
7010,75,13,1,2,image/13.bmp,2,0,13065
7010,75,14,1,2,image/14.bmp,2,0,0
7010,75,15,1,2,image/15.bmp,2,1,11097
7010,75,16,1,2,image/16.bmp,2,0,17785
7010,75,17,1,2,image/17.bmp,2,0,0
7010,75,18,1,2,image/18.bmp,2,0,18019
7010,75,19,1,2,image/19.bmp,2,0,0
7010,75,20,1,2,image/20.bmp,2,0,12694
7010,75,21,1,2,image/21.bmp,2,1,5639
7010,75,22,1,2,image/22.bmp,2,1,12856
7010,75,23,1,2,image/23.bmp,2,1,4104
7010,75,24,1,2,image/24.bmp,2,1,6616
7010,75,25,1,2,image/25.bmp,2,0,16542
7010,75,26,1,2,image/26.bmp,2,0,8512
7010,75,27,1,2,image/27.bmp,2,1,9991
7010,75,28,1,2,image/28.bmp,2,0,15802
7010,75,29,1,2,image/29.bmp,2,0,0
7010,75,30,1,2,image/30.bmp,2,1,4744
7011,50,1,1,2,image/1.bmp,2,1,1008
7011,50,2,1,2,image/2.bmp,2,1,637
7011,50,3,1,2,image/3.bmp,2,1,6
7011,50,4,1,2,image/4.bmp,2,1,146
7011,50,5,1,2,image/5.bmp,2,1,183
7011,50,6,1,2,image/6.bmp,2,1,646
7011,50,7,1,2,image/7.bmp,2,1,46
7011,50,8,1,2,image/8.bmp,2,1,439
7011,50,9,1,2,image/9.bmp,2,1,615
7011,50,10,1,2,image/10.bmp,2,1,627
7011,50,11,1,2,image/11.bmp,2,1,1319
7011,50,12,1,2,image/12.bmp,2,1,2441
7011,50,13,1,2,image/13.bmp,2,1,4513
7011,50,14,1,2,image/14.bmp,2,1,895
7011,50,15,1,2,image/15.bmp,2,1,692
7011,50,16,1,2,image/16.bmp,2,1,316
7011,50,17,1,2,image/17.bmp,2,1,155
7011,50,18,1,2,image/18.bmp,2,1,1105
7011,50,19,1,2,image/19.bmp,2,1,456
7011,50,20,1,2,image/20.bmp,2,1,685
7011,50,21,1,2,image/21.bmp,2,1,1037
7011,50,22,1,2,image/22.bmp,2,1,617
7011,50,23,1,2,image/23.bmp,2,1,1068
7011,50,24,1,2,image/24.bmp,2,0,4704
7011,50,25,1,2,image/25.bmp,2,0,7929
7011,50,26,1,2,image/26.bmp,2,0,1254
7011,50,27,1,2,image/27.bmp,2,1,1787
7011,50,28,1,2,image/28.bmp,2,0,1127
7011,50,29,1,2,image/29.bmp,2,0,1518
7011,50,30,1,2,image/30.bmp,2,1,1114
7012,79,1,1,2,image/1.bmp,2,1,6405
7012,79,2,1,2,image/2.bmp,2,1,5563
7012,79,3,1,2,image/3.bmp,2,1,1562
7012,79,4,1,2,image/4.bmp,2,1,2327
7012,79,5,1,2,image/5.bmp,2,1,2331
7012,79,6,1,2,image/6.bmp,2,1,4212
7012,79,7,1,2,image/7.bmp,2,1,2622
7012,79,8,1,2,image/8.bmp,2,1,1817
7012,79,9,1,2,image/9.bmp,2,0,0
7012,79,10,1,2,image/10.bmp,2,1,2315
7012,79,11,1,2,image/11.bmp,2,1,2839
7012,79,12,1,2,image/12.bmp,2,0,13594
7012,79,13,1,2,image/13.bmp,2,1,16618
7012,79,14,1,2,image/14.bmp,2,0,10581
7012,79,15,1,2,image/15.bmp,2,0,8507
7012,79,16,1,2,image/16.bmp,2,1,6913
7012,79,17,1,2,image/17.bmp,2,0,10317
7012,79,18,1,2,image/18.bmp,2,0,6947
7012,79,19,1,2,image/19.bmp,2,0,12943
7012,79,20,1,2,image/20.bmp,2,0,6667
7012,79,21,1,2,image/21.bmp,2,1,6080
7012,79,22,1,2,image/22.bmp,2,0,4802
7012,79,23,1,2,image/23.bmp,2,1,8757
7012,79,24,1,2,image/24.bmp,2,1,5073
7012,79,25,1,2,image/25.bmp,2,0,13104
7012,79,26,1,2,image/26.bmp,2,0,2817
7012,79,27,1,2,image/27.bmp,2,1,7872
7012,79,28,1,2,image/28.bmp,2,0,8333
7012,79,29,1,2,image/29.bmp,2,0,13210
7012,79,30,1,2,image/30.bmp,2,1,3297
7013,82,1,1,2,image/1.bmp,2,1,3913
7013,82,2,1,2,image/2.bmp,2,1,2597
7013,82,3,1,2,image/3.bmp,2,1,1774
7013,82,4,1,2,image/4.bmp,2,1,2744
7013,82,5,1,2,image/5.bmp,2,1,2811
7013,82,6,1,2,image/6.bmp,2,1,3105
7013,82,7,1,2,image/7.bmp,2,1,3327
7013,82,8,1,2,image/8.bmp,2,0,0
7013,82,9,1,2,image/9.bmp,2,1,12447
7013,82,10,1,2,image/10.bmp,2,1,2529
7013,82,11,1,2,image/11.bmp,2,1,12126
7013,82,12,1,2,image/12.bmp,2,0,19759
7013,82,13,1,2,image/13.bmp,2,0,12117
7013,82,14,1,2,image/14.bmp,2,0,4770
7013,82,15,1,2,image/15.bmp,2,1,13065
7013,82,16,1,2,image/16.bmp,2,1,16020
7013,82,17,1,2,image/17.bmp,2,0,8698
7013,82,18,1,2,image/18.bmp,2,0,15872
7013,82,19,1,2,image/19.bmp,2,1,18014
7013,82,20,1,2,image/20.bmp,2,0,8946
7013,82,21,1,2,image/21.bmp,2,0,11111
7013,82,22,1,2,image/22.bmp,2,0,6850
7013,82,23,1,2,image/23.bmp,2,0,13443
7013,82,24,1,2,image/24.bmp,2,0,17416
7013,82,25,1,2,image/25.bmp,2,0,9125
7013,82,26,1,2,image/26.bmp,2,0,4969
7013,82,27,1,2,image/27.bmp,2,0,10043
7013,82,28,1,2,image/28.bmp,2,0,7496
7013,82,29,1,2,image/29.bmp,2,0,9804
7013,82,30,1,2,image/30.bmp,2,1,3737
8001,72,1,1,2,image/1.bmp,2,1,6241
8001,72,2,1,2,image/2.bmp,2,1,2462
8001,72,3,1,2,image/3.bmp,2,1,1561
8001,72,4,1,2,image/4.bmp,2,1,1570
8001,72,5,1,2,image/5.bmp,2,1,1506
8001,72,6,1,2,image/6.bmp,2,1,1731
8001,72,7,1,2,image/7.bmp,2,1,1344
8001,72,8,1,2,image/8.bmp,2,1,953
8001,72,9,1,2,image/9.bmp,2,1,2575
8001,72,10,1,2,image/10.bmp,2,1,1476
8001,72,11,1,2,image/11.bmp,2,1,3263
8001,72,12,1,2,image/12.bmp,2,1,1374
8001,72,13,1,2,image/13.bmp,2,1,2143
8001,72,14,1,2,image/14.bmp,2,1,3134
8001,72,15,1,2,image/15.bmp,2,1,3341
8001,72,16,1,2,image/16.bmp,2,1,1385
8001,72,17,1,2,image/17.bmp,2,0,8747
8001,72,18,1,2,image/18.bmp,2,1,7069
8001,72,19,1,2,image/19.bmp,2,1,1936
8001,72,20,1,2,image/20.bmp,2,0,5956
8001,72,21,1,2,image/21.bmp,2,1,1834
8001,72,22,1,2,image/22.bmp,2,0,0
8001,72,23,1,2,image/23.bmp,2,1,2959
8001,72,24,1,2,image/24.bmp,2,1,2449
8001,72,25,1,2,image/25.bmp,2,1,2635
8001,72,26,1,2,image/26.bmp,2,1,4354
8001,72,27,1,2,image/27.bmp,2,1,3427
8001,72,28,1,2,image/28.bmp,2,1,4465
8001,72,29,1,2,image/29.bmp,2,1,2524
8001,72,30,1,2,image/30.bmp,2,1,1798
8002,79,1,1,2,image/1.bmp,1,1,3812
8002,79,2,1,2,image/2.bmp,1,1,4064
8002,79,3,1,2,image/3.bmp,1,1,1773
8002,79,4,1,2,image/4.bmp,1,1,2053
8002,79,5,1,2,image/5.bmp,1,1,1883
8002,79,6,1,2,image/6.bmp,1,1,1492
8002,79,7,1,2,image/7.bmp,1,0,0
8002,79,8,1,2,image/8.bmp,1,1,1287
8002,79,9,1,2,image/9.bmp,1,1,2704
8002,79,10,1,2,image/10.bmp,1,1,1777
8002,79,11,1,2,image/11.bmp,1,1,4962
8002,79,12,1,2,image/12.bmp,1,1,4544
8002,79,13,1,2,image/13.bmp,1,0,0
8002,79,14,1,2,image/14.bmp,1,1,14992
8002,79,15,1,2,image/15.bmp,1,0,0
8002,79,16,1,2,image/16.bmp,1,1,7239
8002,79,17,1,2,image/17.bmp,1,0,4464
8002,79,18,1,2,image/18.bmp,1,0,12062
8002,79,19,1,2,image/19.bmp,1,1,6209
8002,79,20,1,2,image/20.bmp,1,0,6701
8002,79,21,1,2,image/21.bmp,1,1,8569
8002,79,22,1,2,image/22.bmp,1,1,12638
8002,79,23,1,2,image/23.bmp,1,1,7935
8002,79,24,1,2,image/24.bmp,1,0,8396
8002,79,25,1,2,image/25.bmp,1,1,4658
8002,79,26,1,2,image/26.bmp,1,1,4585
8002,79,27,1,2,image/27.bmp,1,1,14753
8002,79,28,1,2,image/28.bmp,1,1,4089
8002,79,29,1,2,image/29.bmp,1,1,5602
8002,79,30,1,2,image/30.bmp,1,1,2942
8003,75,1,1,2,image/1.bmp,1,1,4707
8003,75,2,1,2,image/2.bmp,1,1,3297
8003,75,3,1,2,image/3.bmp,1,1,1337
8003,75,4,1,2,image/4.bmp,1,1,1654
8003,75,5,1,2,image/5.bmp,1,1,1705
8003,75,6,1,2,image/6.bmp,1,1,2314
8003,75,7,1,2,image/7.bmp,1,1,2246
8003,75,8,1,2,image/8.bmp,1,1,2330
8003,75,9,1,2,image/9.bmp,1,0,19708
8003,75,10,1,2,image/10.bmp,1,1,1539
8003,75,11,1,2,image/11.bmp,1,1,3538
8003,75,12,1,2,image/12.bmp,1,1,9473
8003,75,13,1,2,image/13.bmp,1,1,2361
8003,75,14,1,2,image/14.bmp,1,0,7377
8003,75,15,1,2,image/15.bmp,1,0,5044
8003,75,16,1,2,image/16.bmp,1,1,1715
8003,75,17,1,2,image/17.bmp,1,0,6542
8003,75,18,1,2,image/18.bmp,1,0,5089
8003,75,19,1,2,image/19.bmp,1,1,2654
8003,75,20,1,2,image/20.bmp,1,0,6343
8003,75,21,1,2,image/21.bmp,1,1,2835
8003,75,22,1,2,image/22.bmp,1,0,4012
8003,75,23,1,2,image/23.bmp,1,1,1777
8003,75,24,1,2,image/24.bmp,1,1,3635
8003,75,25,1,2,image/25.bmp,1,1,2863
8003,75,26,1,2,image/26.bmp,1,0,7587
8003,75,27,1,2,image/27.bmp,1,0,9377
8003,75,28,1,2,image/28.bmp,1,0,4779
8003,75,29,1,2,image/29.bmp,1,1,4411
8003,75,30,1,2,image/30.bmp,1,1,1156
